Num.Layers;PTWD;FTWD;INSWORD;Evaluation.Set;Accuracy
2;0.1;0.1;-8.0;Train.Set;67.44
2;0.1;0.1;-8.0;Test.Set;65.25
2;0.1;0.1;-4.0;Train.Set;69.36
2;0.1;0.1;-4.0;Test.Set;67.14
2;0.1;0.1;-2.0;Train.Set;69.72
2;0.1;0.1;-2.0;Test.Set;67.32
2;0.1;0.1;0.0;Train.Set;69.23
2;0.1;0.1;0.0;Test.Set;66.62
2;0.1;0.01;-8.0;Train.Set;73.88
2;0.1;0.01;-8.0;Test.Set;68.39
2;0.1;0.01;-4.0;Train.Set;75.33
2;0.1;0.01;-4.0;Test.Set;69.46
2;0.1;0.01;-2.0;Train.Set;75.60
2;0.1;0.01;-2.0;Test.Set;69.43
2;0.1;0.01;0.0;Train.Set;75.19
2;0.1;0.01;0.0;Test.Set;68.53
2;0.1;0.001;-8.0;Train.Set;74.12
2;0.1;0.001;-8.0;Test.Set;68.21
2;0.1;0.001;-4.0;Train.Set;75.65
2;0.1;0.001;-4.0;Test.Set;69.20
2;0.1;0.001;-2.0;Train.Set;75.83
2;0.1;0.001;-2.0;Test.Set;69.09
2;0.1;0.001;0.0;Train.Set;75.44
2;0.1;0.001;0.0;Test.Set;68.28
2;0.1;0.0001;-8.0;Train.Set;74.21
2;0.1;0.0001;-8.0;Test.Set;68.28
2;0.1;0.0001;-4.0;Train.Set;75.68
2;0.1;0.0001;-4.0;Test.Set;69.22
2;0.1;0.0001;-2.0;Train.Set;75.87
2;0.1;0.0001;-2.0;Test.Set;69.11
2;0.1;0.0001;0.0;Train.Set;75.53
2;0.1;0.0001;0.0;Test.Set;68.21
2;0.1;0.00001;-8.0;Train.Set;74.17
2;0.1;0.00001;-8.0;Test.Set;68.31
2;0.1;0.00001;-4.0;Train.Set;75.67
2;0.1;0.00001;-4.0;Test.Set;69.23
2;0.1;0.00001;-2.0;Train.Set;75.85
2;0.1;0.00001;-2.0;Test.Set;69.11
2;0.1;0.00001;0.0;Train.Set;75.53
2;0.1;0.00001;0.0;Test.Set;68.20
2;0.1;0.000001;-8.0;Train.Set;74.19
2;0.1;0.000001;-8.0;Test.Set;68.31
2;0.1;0.000001;-4.0;Train.Set;75.67
2;0.1;0.000001;-4.0;Test.Set;69.23
2;0.1;0.000001;-2.0;Train.Set;75.85
2;0.1;0.000001;-2.0;Test.Set;69.13
2;0.1;0.000001;0.0;Train.Set;75.54
2;0.1;0.000001;0.0;Test.Set;68.22
2;0.01;0.1;-8.0;Train.Set;67.37
2;0.01;0.1;-8.0;Test.Set;65.28
2;0.01;0.1;-4.0;Train.Set;69.31
2;0.01;0.1;-4.0;Test.Set;66.96
2;0.01;0.1;-2.0;Train.Set;69.69
2;0.01;0.1;-2.0;Test.Set;67.12
2;0.01;0.1;0.0;Train.Set;69.07
2;0.01;0.1;0.0;Test.Set;66.54
2;0.01;0.01;-8.0;Train.Set;74.53
2;0.01;0.01;-8.0;Test.Set;68.54
2;0.01;0.01;-4.0;Train.Set;76.08
2;0.01;0.01;-4.0;Test.Set;69.63
2;0.01;0.01;-2.0;Train.Set;76.28
2;0.01;0.01;-2.0;Test.Set;69.49
2;0.01;0.01;0.0;Train.Set;75.97
2;0.01;0.01;0.0;Test.Set;68.53
2;0.01;0.001;-8.0;Train.Set;74.13
2;0.01;0.001;-8.0;Test.Set;68.41
2;0.01;0.001;-4.0;Train.Set;75.52
2;0.01;0.001;-4.0;Test.Set;69.23
2;0.01;0.001;-2.0;Train.Set;75.62
2;0.01;0.001;-2.0;Test.Set;69.11
2;0.01;0.001;0.0;Train.Set;75.07
2;0.01;0.001;0.0;Test.Set;68.04
2;0.01;0.0001;-8.0;Train.Set;74.71
2;0.01;0.0001;-8.0;Test.Set;68.46
2;0.01;0.0001;-4.0;Train.Set;76.13
2;0.01;0.0001;-4.0;Test.Set;69.35
2;0.01;0.0001;-2.0;Train.Set;76.23
2;0.01;0.0001;-2.0;Test.Set;69.09
2;0.01;0.0001;0.0;Train.Set;75.70
2;0.01;0.0001;0.0;Test.Set;68.16
2;0.01;0.00001;-8.0;Train.Set;73.89
2;0.01;0.00001;-8.0;Test.Set;68.14
2;0.01;0.00001;-4.0;Train.Set;75.39
2;0.01;0.00001;-4.0;Test.Set;69.01
2;0.01;0.00001;-2.0;Train.Set;75.47
2;0.01;0.00001;-2.0;Test.Set;68.87
2;0.01;0.00001;0.0;Train.Set;74.97
2;0.01;0.00001;0.0;Test.Set;67.89
2;0.01;0.000001;-8.0;Train.Set;74.57
2;0.01;0.000001;-8.0;Test.Set;68.37
2;0.01;0.000001;-4.0;Train.Set;76.00
2;0.01;0.000001;-4.0;Test.Set;69.32
2;0.01;0.000001;-2.0;Train.Set;76.29
2;0.01;0.000001;-2.0;Test.Set;69.29
2;0.01;0.000001;0.0;Train.Set;75.88
2;0.01;0.000001;0.0;Test.Set;68.35
2;0.001;0.1;-8.0;Train.Set;67.31
2;0.001;0.1;-8.0;Test.Set;65.18
2;0.001;0.1;-4.0;Train.Set;69.28
2;0.001;0.1;-4.0;Test.Set;66.99
2;0.001;0.1;-2.0;Train.Set;69.65
2;0.001;0.1;-2.0;Test.Set;67.22
2;0.001;0.1;0.0;Train.Set;69.11
2;0.001;0.1;0.0;Test.Set;66.56
2;0.001;0.01;-8.0;Train.Set;74.77
2;0.001;0.01;-8.0;Test.Set;68.89
2;0.001;0.01;-4.0;Train.Set;76.39
2;0.001;0.01;-4.0;Test.Set;69.84
2;0.001;0.01;-2.0;Train.Set;76.62
2;0.001;0.01;-2.0;Test.Set;69.80
2;0.001;0.01;0.0;Train.Set;76.19
2;0.001;0.01;0.0;Test.Set;68.98
2;0.001;0.001;-8.0;Train.Set;73.89
2;0.001;0.001;-8.0;Test.Set;68.33
2;0.001;0.001;-4.0;Train.Set;75.41
2;0.001;0.001;-4.0;Test.Set;69.29
2;0.001;0.001;-2.0;Train.Set;75.61
2;0.001;0.001;-2.0;Test.Set;69.19
2;0.001;0.001;0.0;Train.Set;75.14
2;0.001;0.001;0.0;Test.Set;68.46
2;0.001;0.0001;-8.0;Train.Set;75.65
2;0.001;0.0001;-8.0;Test.Set;69.10
2;0.001;0.0001;-4.0;Train.Set;77.00
2;0.001;0.0001;-4.0;Test.Set;69.83
2;0.001;0.0001;-2.0;Train.Set;77.22
2;0.001;0.0001;-2.0;Test.Set;69.71
2;0.001;0.0001;0.0;Train.Set;76.69
2;0.001;0.0001;0.0;Test.Set;68.78
2;0.001;0.00001;-8.0;Train.Set;74.81
2;0.001;0.00001;-8.0;Test.Set;68.70
2;0.001;0.00001;-4.0;Train.Set;76.39
2;0.001;0.00001;-4.0;Test.Set;69.51
2;0.001;0.00001;-2.0;Train.Set;76.64
2;0.001;0.00001;-2.0;Test.Set;69.48
2;0.001;0.00001;0.0;Train.Set;76.23
2;0.001;0.00001;0.0;Test.Set;68.52
2;0.001;0.000001;-8.0;Train.Set;74.84
2;0.001;0.000001;-8.0;Test.Set;68.64
2;0.001;0.000001;-4.0;Train.Set;76.41
2;0.001;0.000001;-4.0;Test.Set;69.57
2;0.001;0.000001;-2.0;Train.Set;76.67
2;0.001;0.000001;-2.0;Test.Set;69.44
2;0.001;0.000001;0.0;Train.Set;76.26
2;0.001;0.000001;0.0;Test.Set;68.52
2;0.0001;0.1;-8.0;Train.Set;67.52
2;0.0001;0.1;-8.0;Test.Set;65.36
2;0.0001;0.1;-4.0;Train.Set;69.43
2;0.0001;0.1;-4.0;Test.Set;67.07
2;0.0001;0.1;-2.0;Train.Set;69.71
2;0.0001;0.1;-2.0;Test.Set;67.31
2;0.0001;0.1;0.0;Train.Set;69.20
2;0.0001;0.1;0.0;Test.Set;66.65
2;0.0001;0.01;-8.0;Train.Set;74.52
2;0.0001;0.01;-8.0;Test.Set;68.61
2;0.0001;0.01;-4.0;Train.Set;75.95
2;0.0001;0.01;-4.0;Test.Set;69.56
2;0.0001;0.01;-2.0;Train.Set;76.24
2;0.0001;0.01;-2.0;Test.Set;69.52
2;0.0001;0.01;0.0;Train.Set;75.66
2;0.0001;0.01;0.0;Test.Set;68.60
2;0.0001;0.001;-8.0;Train.Set;74.66
2;0.0001;0.001;-8.0;Test.Set;68.37
2;0.0001;0.001;-4.0;Train.Set;76.12
2;0.0001;0.001;-4.0;Test.Set;69.30
2;0.0001;0.001;-2.0;Train.Set;76.30
2;0.0001;0.001;-2.0;Test.Set;69.10
2;0.0001;0.001;0.0;Train.Set;75.64
2;0.0001;0.001;0.0;Test.Set;68.17
2;0.0001;0.0001;-8.0;Train.Set;75.88
2;0.0001;0.0001;-8.0;Test.Set;68.93
2;0.0001;0.0001;-4.0;Train.Set;77.45
2;0.0001;0.0001;-4.0;Test.Set;69.75
2;0.0001;0.0001;-2.0;Train.Set;77.54
2;0.0001;0.0001;-2.0;Test.Set;69.54
2;0.0001;0.0001;0.0;Train.Set;76.91
2;0.0001;0.0001;0.0;Test.Set;68.61
2;0.0001;0.00001;-8.0;Train.Set;74.71
2;0.0001;0.00001;-8.0;Test.Set;68.32
2;0.0001;0.00001;-4.0;Train.Set;76.07
2;0.0001;0.00001;-4.0;Test.Set;69.29
2;0.0001;0.00001;-2.0;Train.Set;76.25
2;0.0001;0.00001;-2.0;Test.Set;69.05
2;0.0001;0.00001;0.0;Train.Set;75.61
2;0.0001;0.00001;0.0;Test.Set;68.11
2;0.0001;0.000001;-8.0;Train.Set;75.02
2;0.0001;0.000001;-8.0;Test.Set;68.54
2;0.0001;0.000001;-4.0;Train.Set;76.51
2;0.0001;0.000001;-4.0;Test.Set;69.55
2;0.0001;0.000001;-2.0;Train.Set;76.61
2;0.0001;0.000001;-2.0;Test.Set;69.43
2;0.0001;0.000001;0.0;Train.Set;76.01
2;0.0001;0.000001;0.0;Test.Set;68.32
2;0.00001;0.1;-8.0;Train.Set;67.50
2;0.00001;0.1;-8.0;Test.Set;65.25
2;0.00001;0.1;-4.0;Train.Set;69.44
2;0.00001;0.1;-4.0;Test.Set;66.95
2;0.00001;0.1;-2.0;Train.Set;69.69
2;0.00001;0.1;-2.0;Test.Set;67.25
2;0.00001;0.1;0.0;Train.Set;69.11
2;0.00001;0.1;0.0;Test.Set;66.52
2;0.00001;0.01;-8.0;Train.Set;74.65
2;0.00001;0.01;-8.0;Test.Set;68.80
2;0.00001;0.01;-4.0;Train.Set;76.18
2;0.00001;0.01;-4.0;Test.Set;69.76
2;0.00001;0.01;-2.0;Train.Set;76.50
2;0.00001;0.01;-2.0;Test.Set;69.79
2;0.00001;0.01;0.0;Train.Set;76.06
2;0.00001;0.01;0.0;Test.Set;68.91
2;0.00001;0.001;-8.0;Train.Set;75.83
2;0.00001;0.001;-8.0;Test.Set;69.00
2;0.00001;0.001;-4.0;Train.Set;77.30
2;0.00001;0.001;-4.0;Test.Set;69.88
2;0.00001;0.001;-2.0;Train.Set;77.58
2;0.00001;0.001;-2.0;Test.Set;69.62
2;0.00001;0.001;0.0;Train.Set;77.10
2;0.00001;0.001;0.0;Test.Set;68.72
2;0.00001;0.0001;-8.0;Train.Set;75.99
2;0.00001;0.0001;-8.0;Test.Set;69.02
2;0.00001;0.0001;-4.0;Train.Set;77.45
2;0.00001;0.0001;-4.0;Test.Set;69.90
2;0.00001;0.0001;-2.0;Train.Set;77.75
2;0.00001;0.0001;-2.0;Test.Set;69.71
2;0.00001;0.0001;0.0;Train.Set;77.14
2;0.00001;0.0001;0.0;Test.Set;68.73
2;0.00001;0.00001;-8.0;Train.Set;75.95
2;0.00001;0.00001;-8.0;Test.Set;69.03
2;0.00001;0.00001;-4.0;Train.Set;77.44
2;0.00001;0.00001;-4.0;Test.Set;69.84
2;0.00001;0.00001;-2.0;Train.Set;77.74
2;0.00001;0.00001;-2.0;Test.Set;69.70
2;0.00001;0.00001;0.0;Train.Set;77.17
2;0.00001;0.00001;0.0;Test.Set;68.71
2;0.00001;0.000001;-8.0;Train.Set;75.85
2;0.00001;0.000001;-8.0;Test.Set;69.00
2;0.00001;0.000001;-4.0;Train.Set;77.34
2;0.00001;0.000001;-4.0;Test.Set;69.95
2;0.00001;0.000001;-2.0;Train.Set;77.57
2;0.00001;0.000001;-2.0;Test.Set;69.77
2;0.00001;0.000001;0.0;Train.Set;77.13
2;0.00001;0.000001;0.0;Test.Set;68.82
2;0.000001;0.1;-8.0;Train.Set;67.21
2;0.000001;0.1;-8.0;Test.Set;65.11
2;0.000001;0.1;-4.0;Train.Set;69.14
2;0.000001;0.1;-4.0;Test.Set;66.85
2;0.000001;0.1;-2.0;Train.Set;69.47
2;0.000001;0.1;-2.0;Test.Set;67.07
2;0.000001;0.1;0.0;Train.Set;68.81
2;0.000001;0.1;0.0;Test.Set;66.43
2;0.000001;0.01;-8.0;Train.Set;74.68
2;0.000001;0.01;-8.0;Test.Set;68.82
2;0.000001;0.01;-4.0;Train.Set;76.18
2;0.000001;0.01;-4.0;Test.Set;69.79
2;0.000001;0.01;-2.0;Train.Set;76.55
2;0.000001;0.01;-2.0;Test.Set;69.79
2;0.000001;0.01;0.0;Train.Set;76.05
2;0.000001;0.01;0.0;Test.Set;68.85
2;0.000001;0.001;-8.0;Train.Set;75.86
2;0.000001;0.001;-8.0;Test.Set;68.96
2;0.000001;0.001;-4.0;Train.Set;77.29
2;0.000001;0.001;-4.0;Test.Set;69.90
2;0.000001;0.001;-2.0;Train.Set;77.56
2;0.000001;0.001;-2.0;Test.Set;69.66
2;0.000001;0.001;0.0;Train.Set;77.13
2;0.000001;0.001;0.0;Test.Set;68.72
2;0.000001;0.0001;-8.0;Train.Set;75.70
2;0.000001;0.0001;-8.0;Test.Set;68.86
2;0.000001;0.0001;-4.0;Train.Set;77.18
2;0.000001;0.0001;-4.0;Test.Set;69.78
2;0.000001;0.0001;-2.0;Train.Set;77.33
2;0.000001;0.0001;-2.0;Test.Set;69.61
2;0.000001;0.0001;0.0;Train.Set;76.92
2;0.000001;0.0001;0.0;Test.Set;68.66
2;0.000001;0.00001;-8.0;Train.Set;75.67
2;0.000001;0.00001;-8.0;Test.Set;68.86
2;0.000001;0.00001;-4.0;Train.Set;77.16
2;0.000001;0.00001;-4.0;Test.Set;69.73
2;0.000001;0.00001;-2.0;Train.Set;77.40
2;0.000001;0.00001;-2.0;Test.Set;69.61
2;0.000001;0.00001;0.0;Train.Set;76.86
2;0.000001;0.00001;0.0;Test.Set;68.66
2;0.000001;0.000001;-8.0;Train.Set;75.66
2;0.000001;0.000001;-8.0;Test.Set;68.86
2;0.000001;0.000001;-4.0;Train.Set;77.16
2;0.000001;0.000001;-4.0;Test.Set;69.72
2;0.000001;0.000001;-2.0;Train.Set;77.40
2;0.000001;0.000001;-2.0;Test.Set;69.60
2;0.000001;0.000001;0.0;Train.Set;76.89
2;0.000001;0.000001;0.0;Test.Set;68.67
3;0.1;0.1;-8.0;Train.Set;68.12
3;0.1;0.1;-8.0;Test.Set;65.57
3;0.1;0.1;-4.0;Train.Set;69.86
3;0.1;0.1;-4.0;Test.Set;67.15
3;0.1;0.1;-2.0;Train.Set;70.19
3;0.1;0.1;-2.0;Test.Set;67.40
3;0.1;0.1;0.0;Train.Set;69.68
3;0.1;0.1;0.0;Test.Set;66.65
3;0.1;0.01;-8.0;Train.Set;74.41
3;0.1;0.01;-8.0;Test.Set;69.13
3;0.1;0.01;-4.0;Train.Set;75.96
3;0.1;0.01;-4.0;Test.Set;70.09
3;0.1;0.01;-2.0;Train.Set;76.16
3;0.1;0.01;-2.0;Test.Set;70.11
3;0.1;0.01;0.0;Train.Set;75.75
3;0.1;0.01;0.0;Test.Set;69.21
3;0.1;0.001;-8.0;Train.Set;75.25
3;0.1;0.001;-8.0;Test.Set;69.21
3;0.1;0.001;-4.0;Train.Set;76.80
3;0.1;0.001;-4.0;Test.Set;70.06
3;0.1;0.001;-2.0;Train.Set;77.02
3;0.1;0.001;-2.0;Test.Set;70.03
3;0.1;0.001;0.0;Train.Set;76.62
3;0.1;0.001;0.0;Test.Set;69.23
3;0.1;0.0001;-8.0;Train.Set;73.61
3;0.1;0.0001;-8.0;Test.Set;68.63
3;0.1;0.0001;-4.0;Train.Set;75.13
3;0.1;0.0001;-4.0;Test.Set;69.52
3;0.1;0.0001;-2.0;Train.Set;75.36
3;0.1;0.0001;-2.0;Test.Set;69.40
3;0.1;0.0001;0.0;Train.Set;74.95
3;0.1;0.0001;0.0;Test.Set;68.59
3;0.1;0.00001;-8.0;Train.Set;-e
3;0.1;0.00001;-8.0;Test.Set;-e
3;0.1;0.00001;-4.0;Train.Set;-e
3;0.1;0.00001;-4.0;Test.Set;-e
3;0.1;0.00001;-2.0;Train.Set;-e
3;0.1;0.00001;-2.0;Test.Set;-e
3;0.1;0.00001;0.0;Train.Set;-e
3;0.1;0.00001;0.0;Test.Set;-e
3;0.1;0.000001;-8.0;Train.Set;75.04
3;0.1;0.000001;-8.0;Test.Set;69.32
3;0.1;0.000001;-4.0;Train.Set;76.54
3;0.1;0.000001;-4.0;Test.Set;70.17
3;0.1;0.000001;-2.0;Train.Set;76.66
3;0.1;0.000001;-2.0;Test.Set;70.07
3;0.1;0.000001;0.0;Train.Set;76.12
3;0.1;0.000001;0.0;Test.Set;69.14
3;0.01;0.1;-8.0;Train.Set;67.69
3;0.01;0.1;-8.0;Test.Set;65.25
3;0.01;0.1;-4.0;Train.Set;69.45
3;0.01;0.1;-4.0;Test.Set;66.91
3;0.01;0.1;-2.0;Train.Set;69.67
3;0.01;0.1;-2.0;Test.Set;66.97
3;0.01;0.1;0.0;Train.Set;69.09
3;0.01;0.1;0.0;Test.Set;66.36
3;0.01;0.01;-8.0;Train.Set;74.05
3;0.01;0.01;-8.0;Test.Set;69.03
3;0.01;0.01;-4.0;Train.Set;75.48
3;0.01;0.01;-4.0;Test.Set;69.98
3;0.01;0.01;-2.0;Train.Set;75.65
3;0.01;0.01;-2.0;Test.Set;69.71
3;0.01;0.01;0.0;Train.Set;75.09
3;0.01;0.01;0.0;Test.Set;68.85
3;0.01;0.001;-8.0;Train.Set;76.65
3;0.01;0.001;-8.0;Test.Set;69.97
3;0.01;0.001;-4.0;Train.Set;78.08
3;0.01;0.001;-4.0;Test.Set;70.64
3;0.01;0.001;-2.0;Train.Set;78.27
3;0.01;0.001;-2.0;Test.Set;70.46
3;0.01;0.001;0.0;Train.Set;77.69
3;0.01;0.001;0.0;Test.Set;69.56
3;0.01;0.0001;-8.0;Train.Set;76.62
3;0.01;0.0001;-8.0;Test.Set;69.75
3;0.01;0.0001;-4.0;Train.Set;78.12
3;0.01;0.0001;-4.0;Test.Set;70.58
3;0.01;0.0001;-2.0;Train.Set;78.17
3;0.01;0.0001;-2.0;Test.Set;70.30
3;0.01;0.0001;0.0;Train.Set;77.61
3;0.01;0.0001;0.0;Test.Set;69.41
3;0.01;0.00001;-8.0;Train.Set;77.62
3;0.01;0.00001;-8.0;Test.Set;70.10
3;0.01;0.00001;-4.0;Train.Set;79.07
3;0.01;0.00001;-4.0;Test.Set;70.76
3;0.01;0.00001;-2.0;Train.Set;79.22
3;0.01;0.00001;-2.0;Test.Set;70.53
3;0.01;0.00001;0.0;Train.Set;78.80
3;0.01;0.00001;0.0;Test.Set;69.61
3;0.01;0.000001;-8.0;Train.Set;76.52
3;0.01;0.000001;-8.0;Test.Set;69.87
3;0.01;0.000001;-4.0;Train.Set;77.92
3;0.01;0.000001;-4.0;Test.Set;70.56
3;0.01;0.000001;-2.0;Train.Set;78.02
3;0.01;0.000001;-2.0;Test.Set;70.15
3;0.01;0.000001;0.0;Train.Set;77.58
3;0.01;0.000001;0.0;Test.Set;69.16
3;0.001;0.1;-8.0;Train.Set;68.11
3;0.001;0.1;-8.0;Test.Set;65.87
3;0.001;0.1;-4.0;Train.Set;70.21
3;0.001;0.1;-4.0;Test.Set;67.44
3;0.001;0.1;-2.0;Train.Set;70.33
3;0.001;0.1;-2.0;Test.Set;67.72
3;0.001;0.1;0.0;Train.Set;69.82
3;0.001;0.1;0.0;Test.Set;66.86
3;0.001;0.01;-8.0;Train.Set;74.93
3;0.001;0.01;-8.0;Test.Set;69.45
3;0.001;0.01;-4.0;Train.Set;76.32
3;0.001;0.01;-4.0;Test.Set;70.16
3;0.001;0.01;-2.0;Train.Set;76.48
3;0.001;0.01;-2.0;Test.Set;70.06
3;0.001;0.01;0.0;Train.Set;76.07
3;0.001;0.01;0.0;Test.Set;69.16
3;0.001;0.001;-8.0;Train.Set;77.51
3;0.001;0.001;-8.0;Test.Set;70.01
3;0.001;0.001;-4.0;Train.Set;78.95
3;0.001;0.001;-4.0;Test.Set;70.59
3;0.001;0.001;-2.0;Train.Set;79.02
3;0.001;0.001;-2.0;Test.Set;70.41
3;0.001;0.001;0.0;Train.Set;78.69
3;0.001;0.001;0.0;Test.Set;69.42
3;0.001;0.0001;-8.0;Train.Set;76.03
3;0.001;0.0001;-8.0;Test.Set;69.47
3;0.001;0.0001;-4.0;Train.Set;77.55
3;0.001;0.0001;-4.0;Test.Set;70.19
3;0.001;0.0001;-2.0;Train.Set;77.93
3;0.001;0.0001;-2.0;Test.Set;70.22
3;0.001;0.0001;0.0;Train.Set;77.56
3;0.001;0.0001;0.0;Test.Set;69.29
3;0.001;0.00001;-8.0;Train.Set;75.16
3;0.001;0.00001;-8.0;Test.Set;69.47
3;0.001;0.00001;-4.0;Train.Set;76.64
3;0.001;0.00001;-4.0;Test.Set;70.23
3;0.001;0.00001;-2.0;Train.Set;76.69
3;0.001;0.00001;-2.0;Test.Set;69.91
3;0.001;0.00001;0.0;Train.Set;76.28
3;0.001;0.00001;0.0;Test.Set;68.91
3;0.001;0.000001;-8.0;Train.Set;76.60
3;0.001;0.000001;-8.0;Test.Set;70.03
3;0.001;0.000001;-4.0;Train.Set;78.02
3;0.001;0.000001;-4.0;Test.Set;70.64
3;0.001;0.000001;-2.0;Train.Set;78.26
3;0.001;0.000001;-2.0;Test.Set;70.37
3;0.001;0.000001;0.0;Train.Set;77.67
3;0.001;0.000001;0.0;Test.Set;69.28
3;0.0001;0.1;-8.0;Train.Set;68.35
3;0.0001;0.1;-8.0;Test.Set;65.71
3;0.0001;0.1;-4.0;Train.Set;70.17
3;0.0001;0.1;-4.0;Test.Set;67.23
3;0.0001;0.1;-2.0;Train.Set;70.48
3;0.0001;0.1;-2.0;Test.Set;67.49
3;0.0001;0.1;0.0;Train.Set;69.91
3;0.0001;0.1;0.0;Test.Set;66.68
3;0.0001;0.01;-8.0;Train.Set;75.75
3;0.0001;0.01;-8.0;Test.Set;69.89
3;0.0001;0.01;-4.0;Train.Set;77.33
3;0.0001;0.01;-4.0;Test.Set;70.69
3;0.0001;0.01;-2.0;Train.Set;77.50
3;0.0001;0.01;-2.0;Test.Set;70.64
3;0.0001;0.01;0.0;Train.Set;77.16
3;0.0001;0.01;0.0;Test.Set;69.91
3;0.0001;0.001;-8.0;Train.Set;77.16
3;0.0001;0.001;-8.0;Test.Set;70.11
3;0.0001;0.001;-4.0;Train.Set;78.76
3;0.0001;0.001;-4.0;Test.Set;70.82
3;0.0001;0.001;-2.0;Train.Set;79.05
3;0.0001;0.001;-2.0;Test.Set;70.54
3;0.0001;0.001;0.0;Train.Set;78.67
3;0.0001;0.001;0.0;Test.Set;69.75
3;0.0001;0.0001;-8.0;Train.Set;75.84
3;0.0001;0.0001;-8.0;Test.Set;69.47
3;0.0001;0.0001;-4.0;Train.Set;77.44
3;0.0001;0.0001;-4.0;Test.Set;70.29
3;0.0001;0.0001;-2.0;Train.Set;77.64
3;0.0001;0.0001;-2.0;Test.Set;70.13
3;0.0001;0.0001;0.0;Train.Set;77.25
3;0.0001;0.0001;0.0;Test.Set;69.24
3;0.0001;0.00001;-8.0;Train.Set;78.08
3;0.0001;0.00001;-8.0;Test.Set;70.41
3;0.0001;0.00001;-4.0;Train.Set;79.49
3;0.0001;0.00001;-4.0;Test.Set;70.93
3;0.0001;0.00001;-2.0;Train.Set;79.63
3;0.0001;0.00001;-2.0;Test.Set;70.73
3;0.0001;0.00001;0.0;Train.Set;79.20
3;0.0001;0.00001;0.0;Test.Set;69.64
3;0.0001;0.000001;-8.0;Train.Set;78.23
3;0.0001;0.000001;-8.0;Test.Set;70.20
3;0.0001;0.000001;-4.0;Train.Set;79.58
3;0.0001;0.000001;-4.0;Test.Set;70.83
3;0.0001;0.000001;-2.0;Train.Set;79.81
3;0.0001;0.000001;-2.0;Test.Set;70.61
3;0.0001;0.000001;0.0;Train.Set;79.53
3;0.0001;0.000001;0.0;Test.Set;69.82
3;0.00001;0.1;-8.0;Train.Set;68.66
3;0.00001;0.1;-8.0;Test.Set;66.28
3;0.00001;0.1;-4.0;Train.Set;70.67
3;0.00001;0.1;-4.0;Test.Set;67.75
3;0.00001;0.1;-2.0;Train.Set;70.81
3;0.00001;0.1;-2.0;Test.Set;68.11
3;0.00001;0.1;0.0;Train.Set;70.31
3;0.00001;0.1;0.0;Test.Set;67.31
3;0.00001;0.01;-8.0;Train.Set;75.16
3;0.00001;0.01;-8.0;Test.Set;69.38
3;0.00001;0.01;-4.0;Train.Set;76.66
3;0.00001;0.01;-4.0;Test.Set;70.12
3;0.00001;0.01;-2.0;Train.Set;76.88
3;0.00001;0.01;-2.0;Test.Set;70.00
3;0.00001;0.01;0.0;Train.Set;76.33
3;0.00001;0.01;0.0;Test.Set;69.00
3;0.00001;0.001;-8.0;Train.Set;76.74
3;0.00001;0.001;-8.0;Test.Set;69.88
3;0.00001;0.001;-4.0;Train.Set;78.33
3;0.00001;0.001;-4.0;Test.Set;70.68
3;0.00001;0.001;-2.0;Train.Set;78.57
3;0.00001;0.001;-2.0;Test.Set;70.59
3;0.00001;0.001;0.0;Train.Set;78.12
3;0.00001;0.001;0.0;Test.Set;69.55
3;0.00001;0.0001;-8.0;Train.Set;76.87
3;0.00001;0.0001;-8.0;Test.Set;70.11
3;0.00001;0.0001;-4.0;Train.Set;78.37
3;0.00001;0.0001;-4.0;Test.Set;70.70
3;0.00001;0.0001;-2.0;Train.Set;78.56
3;0.00001;0.0001;-2.0;Test.Set;70.40
3;0.00001;0.0001;0.0;Train.Set;78.29
3;0.00001;0.0001;0.0;Test.Set;69.41
3;0.00001;0.00001;-8.0;Train.Set;77.31
3;0.00001;0.00001;-8.0;Test.Set;70.02
3;0.00001;0.00001;-4.0;Train.Set;78.88
3;0.00001;0.00001;-4.0;Test.Set;70.83
3;0.00001;0.00001;-2.0;Train.Set;79.10
3;0.00001;0.00001;-2.0;Test.Set;70.60
3;0.00001;0.00001;0.0;Train.Set;78.62
3;0.00001;0.00001;0.0;Test.Set;69.64
3;0.00001;0.000001;-8.0;Train.Set;76.44
3;0.00001;0.000001;-8.0;Test.Set;69.85
3;0.00001;0.000001;-4.0;Train.Set;77.92
3;0.00001;0.000001;-4.0;Test.Set;70.58
3;0.00001;0.000001;-2.0;Train.Set;78.10
3;0.00001;0.000001;-2.0;Test.Set;70.29
3;0.00001;0.000001;0.0;Train.Set;77.68
3;0.00001;0.000001;0.0;Test.Set;69.32
3;0.000001;0.1;-8.0;Train.Set;68.27
3;0.000001;0.1;-8.0;Test.Set;65.87
3;0.000001;0.1;-4.0;Train.Set;70.14
3;0.000001;0.1;-4.0;Test.Set;67.39
3;0.000001;0.1;-2.0;Train.Set;70.39
3;0.000001;0.1;-2.0;Test.Set;67.59
3;0.000001;0.1;0.0;Train.Set;69.75
3;0.000001;0.1;0.0;Test.Set;66.72
3;0.000001;0.01;-8.0;Train.Set;75.22
3;0.000001;0.01;-8.0;Test.Set;69.45
3;0.000001;0.01;-4.0;Train.Set;76.74
3;0.000001;0.01;-4.0;Test.Set;70.30
3;0.000001;0.01;-2.0;Train.Set;76.99
3;0.000001;0.01;-2.0;Test.Set;70.18
3;0.000001;0.01;0.0;Train.Set;76.53
3;0.000001;0.01;0.0;Test.Set;69.40
3;0.000001;0.001;-8.0;Train.Set;76.18
3;0.000001;0.001;-8.0;Test.Set;69.61
3;0.000001;0.001;-4.0;Train.Set;77.81
3;0.000001;0.001;-4.0;Test.Set;70.33
3;0.000001;0.001;-2.0;Train.Set;77.95
3;0.000001;0.001;-2.0;Test.Set;70.10
3;0.000001;0.001;0.0;Train.Set;77.47
3;0.000001;0.001;0.0;Test.Set;69.11
3;0.000001;0.0001;-8.0;Train.Set;75.91
3;0.000001;0.0001;-8.0;Test.Set;69.79
3;0.000001;0.0001;-4.0;Train.Set;77.30
3;0.000001;0.0001;-4.0;Test.Set;70.56
3;0.000001;0.0001;-2.0;Train.Set;77.54
3;0.000001;0.0001;-2.0;Test.Set;70.41
3;0.000001;0.0001;0.0;Train.Set;77.35
3;0.000001;0.0001;0.0;Test.Set;69.51
3;0.000001;0.00001;-8.0;Train.Set;75.37
3;0.000001;0.00001;-8.0;Test.Set;69.36
3;0.000001;0.00001;-4.0;Train.Set;76.59
3;0.000001;0.00001;-4.0;Test.Set;70.10
3;0.000001;0.00001;-2.0;Train.Set;76.75
3;0.000001;0.00001;-2.0;Test.Set;69.72
3;0.000001;0.00001;0.0;Train.Set;76.21
3;0.000001;0.00001;0.0;Test.Set;68.68
3;0.000001;0.000001;-8.0;Train.Set;77.61
3;0.000001;0.000001;-8.0;Test.Set;70.23
3;0.000001;0.000001;-4.0;Train.Set;78.97
3;0.000001;0.000001;-4.0;Test.Set;71.04
3;0.000001;0.000001;-2.0;Train.Set;79.31
3;0.000001;0.000001;-2.0;Test.Set;70.83
3;0.000001;0.000001;0.0;Train.Set;79.09
3;0.000001;0.000001;0.0;Test.Set;69.95
4;0.1;0.1;-8.0;Train.Set;69.11
4;0.1;0.1;-8.0;Test.Set;66.26
4;0.1;0.1;-4.0;Train.Set;70.72
4;0.1;0.1;-4.0;Test.Set;67.73
4;0.1;0.1;-2.0;Train.Set;71.04
4;0.1;0.1;-2.0;Test.Set;67.91
4;0.1;0.1;0.0;Train.Set;70.36
4;0.1;0.1;0.0;Test.Set;67.09
4;0.1;0.01;-8.0;Train.Set;77.86
4;0.1;0.01;-8.0;Test.Set;71.12
4;0.1;0.01;-4.0;Train.Set;79.50
4;0.1;0.01;-4.0;Test.Set;71.88
4;0.1;0.01;-2.0;Train.Set;79.78
4;0.1;0.01;-2.0;Test.Set;71.75
4;0.1;0.01;0.0;Train.Set;79.40
4;0.1;0.01;0.0;Test.Set;70.99
4;0.1;0.001;-8.0;Train.Set;77.66
4;0.1;0.001;-8.0;Test.Set;70.82
4;0.1;0.001;-4.0;Train.Set;79.29
4;0.1;0.001;-4.0;Test.Set;71.62
4;0.1;0.001;-2.0;Train.Set;79.42
4;0.1;0.001;-2.0;Test.Set;71.39
4;0.1;0.001;0.0;Train.Set;79.07
4;0.1;0.001;0.0;Test.Set;70.59
4;0.1;0.0001;-8.0;Train.Set;77.21
4;0.1;0.0001;-8.0;Test.Set;70.54
4;0.1;0.0001;-4.0;Train.Set;78.63
4;0.1;0.0001;-4.0;Test.Set;71.21
4;0.1;0.0001;-2.0;Train.Set;78.69
4;0.1;0.0001;-2.0;Test.Set;71.07
4;0.1;0.0001;0.0;Train.Set;78.07
4;0.1;0.0001;0.0;Test.Set;70.13
4;0.1;0.00001;-8.0;Train.Set;75.92
4;0.1;0.00001;-8.0;Test.Set;70.10
4;0.1;0.00001;-4.0;Train.Set;77.29
4;0.1;0.00001;-4.0;Test.Set;70.88
4;0.1;0.00001;-2.0;Train.Set;77.44
4;0.1;0.00001;-2.0;Test.Set;70.76
4;0.1;0.00001;0.0;Train.Set;76.88
4;0.1;0.00001;0.0;Test.Set;69.73
4;0.1;0.000001;-8.0;Train.Set;76.66
4;0.1;0.000001;-8.0;Test.Set;70.16
4;0.1;0.000001;-4.0;Train.Set;78.16
4;0.1;0.000001;-4.0;Test.Set;71.06
4;0.1;0.000001;-2.0;Train.Set;78.44
4;0.1;0.000001;-2.0;Test.Set;70.96
4;0.1;0.000001;0.0;Train.Set;78.03
4;0.1;0.000001;0.0;Test.Set;70.21
4;0.01;0.1;-8.0;Train.Set;69.13
4;0.01;0.1;-8.0;Test.Set;66.39
4;0.01;0.1;-4.0;Train.Set;70.88
4;0.01;0.1;-4.0;Test.Set;67.79
4;0.01;0.1;-2.0;Train.Set;71.07
4;0.01;0.1;-2.0;Test.Set;67.89
4;0.01;0.1;0.0;Train.Set;70.54
4;0.01;0.1;0.0;Test.Set;67.11
4;0.01;0.01;-8.0;Train.Set;75.51
4;0.01;0.01;-8.0;Test.Set;69.89
4;0.01;0.01;-4.0;Train.Set;76.88
4;0.01;0.01;-4.0;Test.Set;70.66
4;0.01;0.01;-2.0;Train.Set;77.05
4;0.01;0.01;-2.0;Test.Set;70.66
4;0.01;0.01;0.0;Train.Set;76.72
4;0.01;0.01;0.0;Test.Set;69.85
4;0.01;0.001;-8.0;Train.Set;78.71
4;0.01;0.001;-8.0;Test.Set;70.73
4;0.01;0.001;-4.0;Train.Set;80.06
4;0.01;0.001;-4.0;Test.Set;71.39
4;0.01;0.001;-2.0;Train.Set;80.21
4;0.01;0.001;-2.0;Test.Set;71.12
4;0.01;0.001;0.0;Train.Set;79.86
4;0.01;0.001;0.0;Test.Set;70.10
4;0.01;0.0001;-8.0;Train.Set;79.04
4;0.01;0.0001;-8.0;Test.Set;70.87
4;0.01;0.0001;-4.0;Train.Set;80.40
4;0.01;0.0001;-4.0;Test.Set;71.44
4;0.01;0.0001;-2.0;Train.Set;80.69
4;0.01;0.0001;-2.0;Test.Set;71.25
4;0.01;0.0001;0.0;Train.Set;80.35
4;0.01;0.0001;0.0;Test.Set;70.36
4;0.01;0.00001;-8.0;Train.Set;77.54
4;0.01;0.00001;-8.0;Test.Set;70.47
4;0.01;0.00001;-4.0;Train.Set;78.84
4;0.01;0.00001;-4.0;Test.Set;71.14
4;0.01;0.00001;-2.0;Train.Set;78.92
4;0.01;0.00001;-2.0;Test.Set;70.93
4;0.01;0.00001;0.0;Train.Set;78.44
4;0.01;0.00001;0.0;Test.Set;69.96
4;0.01;0.000001;-8.0;Train.Set;78.89
4;0.01;0.000001;-8.0;Test.Set;70.66
4;0.01;0.000001;-4.0;Train.Set;80.23
4;0.01;0.000001;-4.0;Test.Set;71.30
4;0.01;0.000001;-2.0;Train.Set;80.26
4;0.01;0.000001;-2.0;Test.Set;71.08
4;0.01;0.000001;0.0;Train.Set;80.10
4;0.01;0.000001;0.0;Test.Set;69.95
4;0.001;0.1;-8.0;Train.Set;69.63
4;0.001;0.1;-8.0;Test.Set;66.67
4;0.001;0.1;-4.0;Train.Set;71.33
4;0.001;0.1;-4.0;Test.Set;68.17
4;0.001;0.1;-2.0;Train.Set;71.56
4;0.001;0.1;-2.0;Test.Set;68.35
4;0.001;0.1;0.0;Train.Set;71.00
4;0.001;0.1;0.0;Test.Set;67.51
4;0.001;0.01;-8.0;Train.Set;76.51
4;0.001;0.01;-8.0;Test.Set;70.26
4;0.001;0.01;-4.0;Train.Set;77.91
4;0.001;0.01;-4.0;Test.Set;71.02
4;0.001;0.01;-2.0;Train.Set;78.08
4;0.001;0.01;-2.0;Test.Set;70.80
4;0.001;0.01;0.0;Train.Set;77.69
4;0.001;0.01;0.0;Test.Set;69.87
4;0.001;0.001;-8.0;Train.Set;76.94
4;0.001;0.001;-8.0;Test.Set;70.28
4;0.001;0.001;-4.0;Train.Set;78.33
4;0.001;0.001;-4.0;Test.Set;70.93
4;0.001;0.001;-2.0;Train.Set;78.52
4;0.001;0.001;-2.0;Test.Set;70.66
4;0.001;0.001;0.0;Train.Set;78.12
4;0.001;0.001;0.0;Test.Set;69.57
4;0.001;0.0001;-8.0;Train.Set;76.29
4;0.001;0.0001;-8.0;Test.Set;69.99
4;0.001;0.0001;-4.0;Train.Set;77.77
4;0.001;0.0001;-4.0;Test.Set;70.71
4;0.001;0.0001;-2.0;Train.Set;77.97
4;0.001;0.0001;-2.0;Test.Set;70.56
4;0.001;0.0001;0.0;Train.Set;77.62
4;0.001;0.0001;0.0;Test.Set;69.68
4;0.001;0.00001;-8.0;Train.Set;76.01
4;0.001;0.00001;-8.0;Test.Set;69.84
4;0.001;0.00001;-4.0;Train.Set;77.34
4;0.001;0.00001;-4.0;Test.Set;70.57
4;0.001;0.00001;-2.0;Train.Set;77.41
4;0.001;0.00001;-2.0;Test.Set;70.36
4;0.001;0.00001;0.0;Train.Set;76.94
4;0.001;0.00001;0.0;Test.Set;69.22
4;0.001;0.000001;-8.0;Train.Set;76.02
4;0.001;0.000001;-8.0;Test.Set;69.82
4;0.001;0.000001;-4.0;Train.Set;77.35
4;0.001;0.000001;-4.0;Test.Set;70.55
4;0.001;0.000001;-2.0;Train.Set;77.44
4;0.001;0.000001;-2.0;Test.Set;70.36
4;0.001;0.000001;0.0;Train.Set;76.94
4;0.001;0.000001;0.0;Test.Set;69.23
4;0.0001;0.1;-8.0;Train.Set;69.63
4;0.0001;0.1;-8.0;Test.Set;66.74
4;0.0001;0.1;-4.0;Train.Set;71.40
4;0.0001;0.1;-4.0;Test.Set;68.22
4;0.0001;0.1;-2.0;Train.Set;71.59
4;0.0001;0.1;-2.0;Test.Set;68.41
4;0.0001;0.1;0.0;Train.Set;71.10
4;0.0001;0.1;0.0;Test.Set;67.53
4;0.0001;0.01;-8.0;Train.Set;76.09
4;0.0001;0.01;-8.0;Test.Set;70.09
4;0.0001;0.01;-4.0;Train.Set;77.41
4;0.0001;0.01;-4.0;Test.Set;70.85
4;0.0001;0.01;-2.0;Train.Set;77.60
4;0.0001;0.01;-2.0;Test.Set;70.64
4;0.0001;0.01;0.0;Train.Set;77.19
4;0.0001;0.01;0.0;Test.Set;69.62
4;0.0001;0.001;-8.0;Train.Set;76.85
4;0.0001;0.001;-8.0;Test.Set;70.21
4;0.0001;0.001;-4.0;Train.Set;78.09
4;0.0001;0.001;-4.0;Test.Set;70.91
4;0.0001;0.001;-2.0;Train.Set;78.30
4;0.0001;0.001;-2.0;Test.Set;70.66
4;0.0001;0.001;0.0;Train.Set;77.84
4;0.0001;0.001;0.0;Test.Set;69.55
4;0.0001;0.0001;-8.0;Train.Set;78.05
4;0.0001;0.0001;-8.0;Test.Set;70.70
4;0.0001;0.0001;-4.0;Train.Set;79.42
4;0.0001;0.0001;-4.0;Test.Set;71.26
4;0.0001;0.0001;-2.0;Train.Set;79.65
4;0.0001;0.0001;-2.0;Test.Set;71.00
4;0.0001;0.0001;0.0;Train.Set;79.30
4;0.0001;0.0001;0.0;Test.Set;70.01
4;0.0001;0.00001;-8.0;Train.Set;77.09
4;0.0001;0.00001;-8.0;Test.Set;70.33
4;0.0001;0.00001;-4.0;Train.Set;78.39
4;0.0001;0.00001;-4.0;Test.Set;70.93
4;0.0001;0.00001;-2.0;Train.Set;78.72
4;0.0001;0.00001;-2.0;Test.Set;70.76
4;0.0001;0.00001;0.0;Train.Set;78.22
4;0.0001;0.00001;0.0;Test.Set;69.78
4;0.0001;0.000001;-8.0;Train.Set;77.11
4;0.0001;0.000001;-8.0;Test.Set;70.30
4;0.0001;0.000001;-4.0;Train.Set;78.49
4;0.0001;0.000001;-4.0;Test.Set;70.96
4;0.0001;0.000001;-2.0;Train.Set;78.73
4;0.0001;0.000001;-2.0;Test.Set;70.76
4;0.0001;0.000001;0.0;Train.Set;78.30
4;0.0001;0.000001;0.0;Test.Set;69.74
4;0.00001;0.1;-8.0;Train.Set;69.55
4;0.00001;0.1;-8.0;Test.Set;66.71
4;0.00001;0.1;-4.0;Train.Set;71.32
4;0.00001;0.1;-4.0;Test.Set;68.11
4;0.00001;0.1;-2.0;Train.Set;71.54
4;0.00001;0.1;-2.0;Test.Set;68.31
4;0.00001;0.1;0.0;Train.Set;71.05
4;0.00001;0.1;0.0;Test.Set;67.44
4;0.00001;0.01;-8.0;Train.Set;76.58
4;0.00001;0.01;-8.0;Test.Set;70.20
4;0.00001;0.01;-4.0;Train.Set;78.02
4;0.00001;0.01;-4.0;Test.Set;71.00
4;0.00001;0.01;-2.0;Train.Set;78.15
4;0.00001;0.01;-2.0;Test.Set;70.74
4;0.00001;0.01;0.0;Train.Set;77.77
4;0.00001;0.01;0.0;Test.Set;69.80
4;0.00001;0.001;-8.0;Train.Set;78.03
4;0.00001;0.001;-8.0;Test.Set;70.70
4;0.00001;0.001;-4.0;Train.Set;79.51
4;0.00001;0.001;-4.0;Test.Set;71.34
4;0.00001;0.001;-2.0;Train.Set;79.66
4;0.00001;0.001;-2.0;Test.Set;71.03
4;0.00001;0.001;0.0;Train.Set;79.27
4;0.00001;0.001;0.0;Test.Set;70.06
4;0.00001;0.0001;-8.0;Train.Set;76.72
4;0.00001;0.0001;-8.0;Test.Set;70.22
4;0.00001;0.0001;-4.0;Train.Set;78.08
4;0.00001;0.0001;-4.0;Test.Set;70.89
4;0.00001;0.0001;-2.0;Train.Set;78.24
4;0.00001;0.0001;-2.0;Test.Set;70.59
4;0.00001;0.0001;0.0;Train.Set;77.80
4;0.00001;0.0001;0.0;Test.Set;69.56
4;0.00001;0.00001;-8.0;Train.Set;77.07
4;0.00001;0.00001;-8.0;Test.Set;70.23
4;0.00001;0.00001;-4.0;Train.Set;78.50
4;0.00001;0.00001;-4.0;Test.Set;70.95
4;0.00001;0.00001;-2.0;Train.Set;78.66
4;0.00001;0.00001;-2.0;Test.Set;70.71
4;0.00001;0.00001;0.0;Train.Set;78.16
4;0.00001;0.00001;0.0;Test.Set;69.75
4;0.00001;0.000001;-8.0;Train.Set;77.10
4;0.00001;0.000001;-8.0;Test.Set;70.26
4;0.00001;0.000001;-4.0;Train.Set;78.50
4;0.00001;0.000001;-4.0;Test.Set;70.91
4;0.00001;0.000001;-2.0;Train.Set;78.79
4;0.00001;0.000001;-2.0;Test.Set;70.72
4;0.00001;0.000001;0.0;Train.Set;78.24
4;0.00001;0.000001;0.0;Test.Set;69.70
4;0.000001;0.1;-8.0;Train.Set;69.22
4;0.000001;0.1;-8.0;Test.Set;66.45
4;0.000001;0.1;-4.0;Train.Set;70.85
4;0.000001;0.1;-4.0;Test.Set;67.82
4;0.000001;0.1;-2.0;Train.Set;71.08
4;0.000001;0.1;-2.0;Test.Set;67.89
4;0.000001;0.1;0.0;Train.Set;70.58
4;0.000001;0.1;0.0;Test.Set;67.12
4;0.000001;0.01;-8.0;Train.Set;75.03
4;0.000001;0.01;-8.0;Test.Set;69.56
4;0.000001;0.01;-4.0;Train.Set;76.33
4;0.000001;0.01;-4.0;Test.Set;70.36
4;0.000001;0.01;-2.0;Train.Set;76.55
4;0.000001;0.01;-2.0;Test.Set;70.16
4;0.000001;0.01;0.0;Train.Set;76.04
4;0.000001;0.01;0.0;Test.Set;69.34
4;0.000001;0.001;-8.0;Train.Set;75.82
4;0.000001;0.001;-8.0;Test.Set;69.94
4;0.000001;0.001;-4.0;Train.Set;77.14
4;0.000001;0.001;-4.0;Test.Set;70.60
4;0.000001;0.001;-2.0;Train.Set;77.36
4;0.000001;0.001;-2.0;Test.Set;70.37
4;0.000001;0.001;0.0;Train.Set;76.89
4;0.000001;0.001;0.0;Test.Set;69.39
4;0.000001;0.0001;-8.0;Train.Set;76.39
4;0.000001;0.0001;-8.0;Test.Set;70.07
4;0.000001;0.0001;-4.0;Train.Set;77.71
4;0.000001;0.0001;-4.0;Test.Set;70.64
4;0.000001;0.0001;-2.0;Train.Set;77.89
4;0.000001;0.0001;-2.0;Test.Set;70.45
4;0.000001;0.0001;0.0;Train.Set;77.44
4;0.000001;0.0001;0.0;Test.Set;69.50
4;0.000001;0.00001;-8.0;Train.Set;76.27
4;0.000001;0.00001;-8.0;Test.Set;70.04
4;0.000001;0.00001;-4.0;Train.Set;77.58
4;0.000001;0.00001;-4.0;Test.Set;70.66
4;0.000001;0.00001;-2.0;Train.Set;77.81
4;0.000001;0.00001;-2.0;Test.Set;70.45
4;0.000001;0.00001;0.0;Train.Set;77.29
4;0.000001;0.00001;0.0;Test.Set;69.55
4;0.000001;0.000001;-8.0;Train.Set;77.12
4;0.000001;0.000001;-8.0;Test.Set;70.27
4;0.000001;0.000001;-4.0;Train.Set;78.52
4;0.000001;0.000001;-4.0;Test.Set;70.89
4;0.000001;0.000001;-2.0;Train.Set;78.74
4;0.000001;0.000001;-2.0;Test.Set;70.67
4;0.000001;0.000001;0.0;Train.Set;78.30
4;0.000001;0.000001;0.0;Test.Set;69.70
5;0.1;0.1;-8.0;Train.Set;69.54
5;0.1;0.1;-8.0;Test.Set;66.69
5;0.1;0.1;-4.0;Train.Set;71.17
5;0.1;0.1;-4.0;Test.Set;67.96
5;0.1;0.1;-2.0;Train.Set;71.37
5;0.1;0.1;-2.0;Test.Set;67.97
5;0.1;0.1;0.0;Train.Set;70.79
5;0.1;0.1;0.0;Test.Set;67.12
5;0.1;0.01;-8.0;Train.Set;76.53
5;0.1;0.01;-8.0;Test.Set;70.92
5;0.1;0.01;-4.0;Train.Set;77.92
5;0.1;0.01;-4.0;Test.Set;71.54
5;0.1;0.01;-2.0;Train.Set;78.09
5;0.1;0.01;-2.0;Test.Set;71.57
5;0.1;0.01;0.0;Train.Set;77.69
5;0.1;0.01;0.0;Test.Set;70.67
5;0.1;0.001;-8.0;Train.Set;77.18
5;0.1;0.001;-8.0;Test.Set;70.82
5;0.1;0.001;-4.0;Train.Set;78.54
5;0.1;0.001;-4.0;Test.Set;71.69
5;0.1;0.001;-2.0;Train.Set;78.69
5;0.1;0.001;-2.0;Test.Set;71.45
5;0.1;0.001;0.0;Train.Set;78.40
5;0.1;0.001;0.0;Test.Set;70.59
5;0.1;0.0001;-8.0;Train.Set;77.36
5;0.1;0.0001;-8.0;Test.Set;70.92
5;0.1;0.0001;-4.0;Train.Set;78.60
5;0.1;0.0001;-4.0;Test.Set;71.66
5;0.1;0.0001;-2.0;Train.Set;78.85
5;0.1;0.0001;-2.0;Test.Set;71.43
5;0.1;0.0001;0.0;Train.Set;78.53
5;0.1;0.0001;0.0;Test.Set;70.64
5;0.1;0.00001;-8.0;Train.Set;78.94
5;0.1;0.00001;-8.0;Test.Set;71.58
5;0.1;0.00001;-4.0;Train.Set;80.19
5;0.1;0.00001;-4.0;Test.Set;72.21
5;0.1;0.00001;-2.0;Train.Set;80.41
5;0.1;0.00001;-2.0;Test.Set;72.00
5;0.1;0.00001;0.0;Train.Set;80.07
5;0.1;0.00001;0.0;Test.Set;70.98
5;0.1;0.000001;-8.0;Train.Set;77.25
5;0.1;0.000001;-8.0;Test.Set;70.91
5;0.1;0.000001;-4.0;Train.Set;78.54
5;0.1;0.000001;-4.0;Test.Set;71.63
5;0.1;0.000001;-2.0;Train.Set;78.81
5;0.1;0.000001;-2.0;Test.Set;71.50
5;0.1;0.000001;0.0;Train.Set;78.49
5;0.1;0.000001;0.0;Test.Set;70.58
5;0.01;0.1;-8.0;Train.Set;69.87
5;0.01;0.1;-8.0;Test.Set;67.06
5;0.01;0.1;-4.0;Train.Set;71.59
5;0.01;0.1;-4.0;Test.Set;68.41
5;0.01;0.1;-2.0;Train.Set;71.81
5;0.01;0.1;-2.0;Test.Set;68.46
5;0.01;0.1;0.0;Train.Set;71.23
5;0.01;0.1;0.0;Test.Set;67.63
5;0.01;0.01;-8.0;Train.Set;76.67
5;0.01;0.01;-8.0;Test.Set;70.46
5;0.01;0.01;-4.0;Train.Set;78.17
5;0.01;0.01;-4.0;Test.Set;71.18
5;0.01;0.01;-2.0;Train.Set;78.33
5;0.01;0.01;-2.0;Test.Set;71.10
5;0.01;0.01;0.0;Train.Set;77.95
5;0.01;0.01;0.0;Test.Set;70.32
5;0.01;0.001;-8.0;Train.Set;78.72
5;0.01;0.001;-8.0;Test.Set;70.94
5;0.01;0.001;-4.0;Train.Set;80.23
5;0.01;0.001;-4.0;Test.Set;71.54
5;0.01;0.001;-2.0;Train.Set;80.40
5;0.01;0.001;-2.0;Test.Set;71.43
5;0.01;0.001;0.0;Train.Set;79.98
5;0.01;0.001;0.0;Test.Set;70.52
5;0.01;0.0001;-8.0;Train.Set;78.51
5;0.01;0.0001;-8.0;Test.Set;70.83
5;0.01;0.0001;-4.0;Train.Set;79.91
5;0.01;0.0001;-4.0;Test.Set;71.32
5;0.01;0.0001;-2.0;Train.Set;80.00
5;0.01;0.0001;-2.0;Test.Set;70.96
5;0.01;0.0001;0.0;Train.Set;79.37
5;0.01;0.0001;0.0;Test.Set;70.00
5;0.01;0.00001;-8.0;Train.Set;79.03
5;0.01;0.00001;-8.0;Test.Set;71.15
5;0.01;0.00001;-4.0;Train.Set;80.36
5;0.01;0.00001;-4.0;Test.Set;71.73
5;0.01;0.00001;-2.0;Train.Set;80.43
5;0.01;0.00001;-2.0;Test.Set;71.39
5;0.01;0.00001;0.0;Train.Set;80.01
5;0.01;0.00001;0.0;Test.Set;70.32
5;0.01;0.000001;-8.0;Train.Set;78.89
5;0.01;0.000001;-8.0;Test.Set;70.94
5;0.01;0.000001;-4.0;Train.Set;80.40
5;0.01;0.000001;-4.0;Test.Set;71.54
5;0.01;0.000001;-2.0;Train.Set;80.59
5;0.01;0.000001;-2.0;Test.Set;71.37
5;0.01;0.000001;0.0;Train.Set;80.12
5;0.01;0.000001;0.0;Test.Set;70.49
5;0.001;0.1;-8.0;Train.Set;69.76
5;0.001;0.1;-8.0;Test.Set;66.99
5;0.001;0.1;-4.0;Train.Set;71.50
5;0.001;0.1;-4.0;Test.Set;68.40
5;0.001;0.1;-2.0;Train.Set;71.77
5;0.001;0.1;-2.0;Test.Set;68.44
5;0.001;0.1;0.0;Train.Set;71.18
5;0.001;0.1;0.0;Test.Set;67.59
5;0.001;0.01;-8.0;Train.Set;76.70
5;0.001;0.01;-8.0;Test.Set;70.23
5;0.001;0.01;-4.0;Train.Set;78.11
5;0.001;0.01;-4.0;Test.Set;70.94
5;0.001;0.01;-2.0;Train.Set;78.30
5;0.001;0.01;-2.0;Test.Set;70.85
5;0.001;0.01;0.0;Train.Set;77.84
5;0.001;0.01;0.0;Test.Set;70.15
5;0.001;0.001;-8.0;Train.Set;78.70
5;0.001;0.001;-8.0;Test.Set;70.71
5;0.001;0.001;-4.0;Train.Set;80.09
5;0.001;0.001;-4.0;Test.Set;71.37
5;0.001;0.001;-2.0;Train.Set;80.35
5;0.001;0.001;-2.0;Test.Set;71.10
5;0.001;0.001;0.0;Train.Set;79.95
5;0.001;0.001;0.0;Test.Set;70.29
5;0.001;0.0001;-8.0;Train.Set;78.85
5;0.001;0.0001;-8.0;Test.Set;70.75
5;0.001;0.0001;-4.0;Train.Set;80.21
5;0.001;0.0001;-4.0;Test.Set;71.41
5;0.001;0.0001;-2.0;Train.Set;80.50
5;0.001;0.0001;-2.0;Test.Set;71.14
5;0.001;0.0001;0.0;Train.Set;80.05
5;0.001;0.0001;0.0;Test.Set;70.26
5;0.001;0.00001;-8.0;Train.Set;78.85
5;0.001;0.00001;-8.0;Test.Set;70.81
5;0.001;0.00001;-4.0;Train.Set;80.23
5;0.001;0.00001;-4.0;Test.Set;71.41
5;0.001;0.00001;-2.0;Train.Set;80.58
5;0.001;0.00001;-2.0;Test.Set;71.12
5;0.001;0.00001;0.0;Train.Set;80.08
5;0.001;0.00001;0.0;Test.Set;70.33
5;0.001;0.000001;-8.0;Train.Set;78.84
5;0.001;0.000001;-8.0;Test.Set;70.74
5;0.001;0.000001;-4.0;Train.Set;80.24
5;0.001;0.000001;-4.0;Test.Set;71.40
5;0.001;0.000001;-2.0;Train.Set;80.51
5;0.001;0.000001;-2.0;Test.Set;71.11
5;0.001;0.000001;0.0;Train.Set;80.16
5;0.001;0.000001;0.0;Test.Set;70.31
5;0.0001;0.1;-8.0;Train.Set;69.80
5;0.0001;0.1;-8.0;Test.Set;66.94
5;0.0001;0.1;-4.0;Train.Set;71.50
5;0.0001;0.1;-4.0;Test.Set;68.37
5;0.0001;0.1;-2.0;Train.Set;71.73
5;0.0001;0.1;-2.0;Test.Set;68.46
5;0.0001;0.1;0.0;Train.Set;71.17
5;0.0001;0.1;0.0;Test.Set;67.61
5;0.0001;0.01;-8.0;Train.Set;76.93
5;0.0001;0.01;-8.0;Test.Set;70.34
5;0.0001;0.01;-4.0;Train.Set;78.28
5;0.0001;0.01;-4.0;Test.Set;71.10
5;0.0001;0.01;-2.0;Train.Set;78.42
5;0.0001;0.01;-2.0;Test.Set;70.92
5;0.0001;0.01;0.0;Train.Set;77.89
5;0.0001;0.01;0.0;Test.Set;69.92
5;0.0001;0.001;-8.0;Train.Set;79.98
5;0.0001;0.001;-8.0;Test.Set;71.14
5;0.0001;0.001;-4.0;Train.Set;81.32
5;0.0001;0.001;-4.0;Test.Set;71.69
5;0.0001;0.001;-2.0;Train.Set;81.57
5;0.0001;0.001;-2.0;Test.Set;71.51
5;0.0001;0.001;0.0;Train.Set;81.03
5;0.0001;0.001;0.0;Test.Set;70.53
5;0.0001;0.0001;-8.0;Train.Set;79.59
5;0.0001;0.0001;-8.0;Test.Set;70.85
5;0.0001;0.0001;-4.0;Train.Set;81.00
5;0.0001;0.0001;-4.0;Test.Set;71.41
5;0.0001;0.0001;-2.0;Train.Set;81.17
5;0.0001;0.0001;-2.0;Test.Set;71.20
5;0.0001;0.0001;0.0;Train.Set;80.71
5;0.0001;0.0001;0.0;Test.Set;70.13
5;0.0001;0.00001;-8.0;Train.Set;78.25
5;0.0001;0.00001;-8.0;Test.Set;70.54
5;0.0001;0.00001;-4.0;Train.Set;79.65
5;0.0001;0.00001;-4.0;Test.Set;71.32
5;0.0001;0.00001;-2.0;Train.Set;79.85
5;0.0001;0.00001;-2.0;Test.Set;71.12
5;0.0001;0.00001;0.0;Train.Set;79.45
5;0.0001;0.00001;0.0;Test.Set;70.26
5;0.0001;0.000001;-8.0;Train.Set;78.97
5;0.0001;0.000001;-8.0;Test.Set;70.64
5;0.0001;0.000001;-4.0;Train.Set;80.32
5;0.0001;0.000001;-4.0;Test.Set;71.40
5;0.0001;0.000001;-2.0;Train.Set;80.55
5;0.0001;0.000001;-2.0;Test.Set;71.21
5;0.0001;0.000001;0.0;Train.Set;80.22
5;0.0001;0.000001;0.0;Test.Set;70.38
5;0.00001;0.1;-8.0;Train.Set;69.80
5;0.00001;0.1;-8.0;Test.Set;67.02
5;0.00001;0.1;-4.0;Train.Set;71.55
5;0.00001;0.1;-4.0;Test.Set;68.43
5;0.00001;0.1;-2.0;Train.Set;71.79
5;0.00001;0.1;-2.0;Test.Set;68.52
5;0.00001;0.1;0.0;Train.Set;71.24
5;0.00001;0.1;0.0;Test.Set;67.63
5;0.00001;0.01;-8.0;Train.Set;77.98
5;0.00001;0.01;-8.0;Test.Set;70.88
5;0.00001;0.01;-4.0;Train.Set;79.37
5;0.00001;0.01;-4.0;Test.Set;71.52
5;0.00001;0.01;-2.0;Train.Set;79.62
5;0.00001;0.01;-2.0;Test.Set;71.26
5;0.00001;0.01;0.0;Train.Set;79.26
5;0.00001;0.01;0.0;Test.Set;70.48
5;0.00001;0.001;-8.0;Train.Set;78.63
5;0.00001;0.001;-8.0;Test.Set;70.72
5;0.00001;0.001;-4.0;Train.Set;80.12
5;0.00001;0.001;-4.0;Test.Set;71.40
5;0.00001;0.001;-2.0;Train.Set;80.22
5;0.00001;0.001;-2.0;Test.Set;71.17
5;0.00001;0.001;0.0;Train.Set;79.84
5;0.00001;0.001;0.0;Test.Set;70.30
5;0.00001;0.0001;-8.0;Train.Set;78.76
5;0.00001;0.0001;-8.0;Test.Set;70.74
5;0.00001;0.0001;-4.0;Train.Set;80.23
5;0.00001;0.0001;-4.0;Test.Set;71.41
5;0.00001;0.0001;-2.0;Train.Set;80.39
5;0.00001;0.0001;-2.0;Test.Set;71.15
5;0.00001;0.0001;0.0;Train.Set;79.99
5;0.00001;0.0001;0.0;Test.Set;70.25
5;0.00001;0.00001;-8.0;Train.Set;78.78
5;0.00001;0.00001;-8.0;Test.Set;70.74
5;0.00001;0.00001;-4.0;Train.Set;80.20
5;0.00001;0.00001;-4.0;Test.Set;71.37
5;0.00001;0.00001;-2.0;Train.Set;80.41
5;0.00001;0.00001;-2.0;Test.Set;71.15
5;0.00001;0.00001;0.0;Train.Set;80.01
5;0.00001;0.00001;0.0;Test.Set;70.37
5;0.00001;0.000001;-8.0;Train.Set;78.16
5;0.00001;0.000001;-8.0;Test.Set;70.47
5;0.00001;0.000001;-4.0;Train.Set;79.60
5;0.00001;0.000001;-4.0;Test.Set;71.20
5;0.00001;0.000001;-2.0;Train.Set;79.87
5;0.00001;0.000001;-2.0;Test.Set;70.96
5;0.00001;0.000001;0.0;Train.Set;79.39
5;0.00001;0.000001;0.0;Test.Set;70.13
5;0.000001;0.1;-8.0;Train.Set;69.81
5;0.000001;0.1;-8.0;Test.Set;67.06
5;0.000001;0.1;-4.0;Train.Set;71.54
5;0.000001;0.1;-4.0;Test.Set;68.44
5;0.000001;0.1;-2.0;Train.Set;71.75
5;0.000001;0.1;-2.0;Test.Set;68.51
5;0.000001;0.1;0.0;Train.Set;71.28
5;0.000001;0.1;0.0;Test.Set;67.66
5;0.000001;0.01;-8.0;Train.Set;78.66
5;0.000001;0.01;-8.0;Test.Set;71.09
5;0.000001;0.01;-4.0;Train.Set;80.15
5;0.000001;0.01;-4.0;Test.Set;71.69
5;0.000001;0.01;-2.0;Train.Set;80.25
5;0.000001;0.01;-2.0;Test.Set;71.50
5;0.000001;0.01;0.0;Train.Set;79.86
5;0.000001;0.01;0.0;Test.Set;70.70
5;0.000001;0.001;-8.0;Train.Set;78.72
5;0.000001;0.001;-8.0;Test.Set;70.75
5;0.000001;0.001;-4.0;Train.Set;80.12
5;0.000001;0.001;-4.0;Test.Set;71.37
5;0.000001;0.001;-2.0;Train.Set;80.24
5;0.000001;0.001;-2.0;Test.Set;71.07
5;0.000001;0.001;0.0;Train.Set;79.82
5;0.000001;0.001;0.0;Test.Set;70.35
5;0.000001;0.0001;-8.0;Train.Set;78.11
5;0.000001;0.0001;-8.0;Test.Set;70.66
5;0.000001;0.0001;-4.0;Train.Set;79.55
5;0.000001;0.0001;-4.0;Test.Set;71.24
5;0.000001;0.0001;-2.0;Train.Set;79.65
5;0.000001;0.0001;-2.0;Test.Set;71.10
5;0.000001;0.0001;0.0;Train.Set;79.21
5;0.000001;0.0001;0.0;Test.Set;70.24
5;0.000001;0.00001;-8.0;Train.Set;78.74
5;0.000001;0.00001;-8.0;Test.Set;70.72
5;0.000001;0.00001;-4.0;Train.Set;80.23
5;0.000001;0.00001;-4.0;Test.Set;71.34
5;0.000001;0.00001;-2.0;Train.Set;80.42
5;0.000001;0.00001;-2.0;Test.Set;71.22
5;0.000001;0.00001;0.0;Train.Set;79.99
5;0.000001;0.00001;0.0;Test.Set;70.23
5;0.000001;0.000001;-8.0;Train.Set;78.14
5;0.000001;0.000001;-8.0;Test.Set;70.53
5;0.000001;0.000001;-4.0;Train.Set;79.62
5;0.000001;0.000001;-4.0;Test.Set;71.20
5;0.000001;0.000001;-2.0;Train.Set;79.85
5;0.000001;0.000001;-2.0;Test.Set;71.12
5;0.000001;0.000001;0.0;Train.Set;79.42
5;0.000001;0.000001;0.0;Test.Set;70.20
6;0.1;0.1;-8.0;Train.Set;70.51
6;0.1;0.1;-8.0;Test.Set;67.31
6;0.1;0.1;-4.0;Train.Set;72.11
6;0.1;0.1;-4.0;Test.Set;68.58
6;0.1;0.1;-2.0;Train.Set;72.24
6;0.1;0.1;-2.0;Test.Set;68.51
6;0.1;0.1;0.0;Train.Set;71.70
6;0.1;0.1;0.0;Test.Set;67.65
6;0.1;0.01;-8.0;Train.Set;76.66
6;0.1;0.01;-8.0;Test.Set;70.75
6;0.1;0.01;-4.0;Train.Set;77.94
6;0.1;0.01;-4.0;Test.Set;71.33
6;0.1;0.01;-2.0;Train.Set;77.98
6;0.1;0.01;-2.0;Test.Set;71.06
6;0.1;0.01;0.0;Train.Set;77.45
6;0.1;0.01;0.0;Test.Set;70.15
6;0.1;0.001;-8.0;Train.Set;77.46
6;0.1;0.001;-8.0;Test.Set;71.06
6;0.1;0.001;-4.0;Train.Set;78.77
6;0.1;0.001;-4.0;Test.Set;71.58
6;0.1;0.001;-2.0;Train.Set;78.97
6;0.1;0.001;-2.0;Test.Set;71.44
6;0.1;0.001;0.0;Train.Set;78.54
6;0.1;0.001;0.0;Test.Set;70.59
6;0.1;0.0001;-8.0;Train.Set;78.68
6;0.1;0.0001;-8.0;Test.Set;71.54
6;0.1;0.0001;-4.0;Train.Set;79.96
6;0.1;0.0001;-4.0;Test.Set;71.98
6;0.1;0.0001;-2.0;Train.Set;80.13
6;0.1;0.0001;-2.0;Test.Set;71.78
6;0.1;0.0001;0.0;Train.Set;79.66
6;0.1;0.0001;0.0;Test.Set;70.94
6;0.1;0.00001;-8.0;Train.Set;77.91
6;0.1;0.00001;-8.0;Test.Set;71.21
6;0.1;0.00001;-4.0;Train.Set;79.09
6;0.1;0.00001;-4.0;Test.Set;71.67
6;0.1;0.00001;-2.0;Train.Set;79.11
6;0.1;0.00001;-2.0;Test.Set;71.40
6;0.1;0.00001;0.0;Train.Set;78.66
6;0.1;0.00001;0.0;Test.Set;70.28
6;0.1;0.000001;-8.0;Train.Set;78.74
6;0.1;0.000001;-8.0;Test.Set;71.54
6;0.1;0.000001;-4.0;Train.Set;80.10
6;0.1;0.000001;-4.0;Test.Set;72.04
6;0.1;0.000001;-2.0;Train.Set;80.15
6;0.1;0.000001;-2.0;Test.Set;71.78
6;0.1;0.000001;0.0;Train.Set;79.79
6;0.1;0.000001;0.0;Test.Set;70.89
6;0.01;0.1;-8.0;Train.Set;69.70
6;0.01;0.1;-8.0;Test.Set;66.74
6;0.01;0.1;-4.0;Train.Set;71.26
6;0.01;0.1;-4.0;Test.Set;67.92
6;0.01;0.1;-2.0;Train.Set;71.51
6;0.01;0.1;-2.0;Test.Set;67.86
6;0.01;0.1;0.0;Train.Set;70.85
6;0.01;0.1;0.0;Test.Set;67.17
6;0.01;0.01;-8.0;Train.Set;77.90
6;0.01;0.01;-8.0;Test.Set;71.07
6;0.01;0.01;-4.0;Train.Set;79.36
6;0.01;0.01;-4.0;Test.Set;71.68
6;0.01;0.01;-2.0;Train.Set;79.47
6;0.01;0.01;-2.0;Test.Set;71.47
6;0.01;0.01;0.0;Train.Set;79.19
6;0.01;0.01;0.0;Test.Set;70.74
6;0.01;0.001;-8.0;Train.Set;79.87
6;0.01;0.001;-8.0;Test.Set;71.48
6;0.01;0.001;-4.0;Train.Set;81.15
6;0.01;0.001;-4.0;Test.Set;71.88
6;0.01;0.001;-2.0;Train.Set;81.31
6;0.01;0.001;-2.0;Test.Set;71.62
6;0.01;0.001;0.0;Train.Set;80.92
6;0.01;0.001;0.0;Test.Set;70.62
6;0.01;0.0001;-8.0;Train.Set;79.60
6;0.01;0.0001;-8.0;Test.Set;71.29
6;0.01;0.0001;-4.0;Train.Set;80.88
6;0.01;0.0001;-4.0;Test.Set;71.75
6;0.01;0.0001;-2.0;Train.Set;80.93
6;0.01;0.0001;-2.0;Test.Set;71.47
6;0.01;0.0001;0.0;Train.Set;80.62
6;0.01;0.0001;0.0;Test.Set;70.38
6;0.01;0.00001;-8.0;Train.Set;79.60
6;0.01;0.00001;-8.0;Test.Set;71.30
6;0.01;0.00001;-4.0;Train.Set;80.91
6;0.01;0.00001;-4.0;Test.Set;71.79
6;0.01;0.00001;-2.0;Train.Set;80.95
6;0.01;0.00001;-2.0;Test.Set;71.49
6;0.01;0.00001;0.0;Train.Set;80.62
6;0.01;0.00001;0.0;Test.Set;70.41
6;0.01;0.000001;-8.0;Train.Set;79.60
6;0.01;0.000001;-8.0;Test.Set;71.30
6;0.01;0.000001;-4.0;Train.Set;80.91
6;0.01;0.000001;-4.0;Test.Set;71.79
6;0.01;0.000001;-2.0;Train.Set;80.95
6;0.01;0.000001;-2.0;Test.Set;71.48
6;0.01;0.000001;0.0;Train.Set;80.62
6;0.01;0.000001;0.0;Test.Set;70.40
6;0.001;0.1;-8.0;Train.Set;69.89
6;0.001;0.1;-8.0;Test.Set;66.86
6;0.001;0.1;-4.0;Train.Set;71.53
6;0.001;0.1;-4.0;Test.Set;67.98
6;0.001;0.1;-2.0;Train.Set;71.74
6;0.001;0.1;-2.0;Test.Set;68.15
6;0.001;0.1;0.0;Train.Set;71.06
6;0.001;0.1;0.0;Test.Set;67.35
6;0.001;0.01;-8.0;Train.Set;78.07
6;0.001;0.01;-8.0;Test.Set;70.94
6;0.001;0.01;-4.0;Train.Set;79.39
6;0.001;0.01;-4.0;Test.Set;71.67
6;0.001;0.01;-2.0;Train.Set;79.64
6;0.001;0.01;-2.0;Test.Set;71.39
6;0.001;0.01;0.0;Train.Set;79.18
6;0.001;0.01;0.0;Test.Set;70.55
6;0.001;0.001;-8.0;Train.Set;79.86
6;0.001;0.001;-8.0;Test.Set;71.34
6;0.001;0.001;-4.0;Train.Set;81.19
6;0.001;0.001;-4.0;Test.Set;71.94
6;0.001;0.001;-2.0;Train.Set;81.41
6;0.001;0.001;-2.0;Test.Set;71.65
6;0.001;0.001;0.0;Train.Set;81.15
6;0.001;0.001;0.0;Test.Set;70.71
6;0.001;0.0001;-8.0;Train.Set;80.08
6;0.001;0.0001;-8.0;Test.Set;71.35
6;0.001;0.0001;-4.0;Train.Set;81.38
6;0.001;0.0001;-4.0;Test.Set;71.92
6;0.001;0.0001;-2.0;Train.Set;81.62
6;0.001;0.0001;-2.0;Test.Set;71.72
6;0.001;0.0001;0.0;Train.Set;81.38
6;0.001;0.0001;0.0;Test.Set;70.76
6;0.001;0.00001;-8.0;Train.Set;79.45
6;0.001;0.00001;-8.0;Test.Set;71.25
6;0.001;0.00001;-4.0;Train.Set;80.79
6;0.001;0.00001;-4.0;Test.Set;71.87
6;0.001;0.00001;-2.0;Train.Set;81.03
6;0.001;0.00001;-2.0;Test.Set;71.57
6;0.001;0.00001;0.0;Train.Set;80.66
6;0.001;0.00001;0.0;Test.Set;70.63
6;0.001;0.000001;-8.0;Train.Set;80.11
6;0.001;0.000001;-8.0;Test.Set;71.36
6;0.001;0.000001;-4.0;Train.Set;81.38
6;0.001;0.000001;-4.0;Test.Set;71.90
6;0.001;0.000001;-2.0;Train.Set;81.64
6;0.001;0.000001;-2.0;Test.Set;71.69
6;0.001;0.000001;0.0;Train.Set;81.39
6;0.001;0.000001;0.0;Test.Set;70.71
6;0.0001;0.1;-8.0;Train.Set;69.93
6;0.0001;0.1;-8.0;Test.Set;66.82
6;0.0001;0.1;-4.0;Train.Set;71.52
6;0.0001;0.1;-4.0;Test.Set;67.99
6;0.0001;0.1;-2.0;Train.Set;71.71
6;0.0001;0.1;-2.0;Test.Set;68.10
6;0.0001;0.1;0.0;Train.Set;71.03
6;0.0001;0.1;0.0;Test.Set;67.29
6;0.0001;0.01;-8.0;Train.Set;77.94
6;0.0001;0.01;-8.0;Test.Set;70.93
6;0.0001;0.01;-4.0;Train.Set;79.39
6;0.0001;0.01;-4.0;Test.Set;71.59
6;0.0001;0.01;-2.0;Train.Set;79.51
6;0.0001;0.01;-2.0;Test.Set;71.41
6;0.0001;0.01;0.0;Train.Set;79.05
6;0.0001;0.01;0.0;Test.Set;70.50
6;0.0001;0.001;-8.0;Train.Set;79.48
6;0.0001;0.001;-8.0;Test.Set;71.22
6;0.0001;0.001;-4.0;Train.Set;80.83
6;0.0001;0.001;-4.0;Test.Set;71.85
6;0.0001;0.001;-2.0;Train.Set;80.98
6;0.0001;0.001;-2.0;Test.Set;71.54
6;0.0001;0.001;0.0;Train.Set;80.59
6;0.0001;0.001;0.0;Test.Set;70.57
6;0.0001;0.0001;-8.0;Train.Set;81.27
6;0.0001;0.0001;-8.0;Test.Set;71.66
6;0.0001;0.0001;-4.0;Train.Set;82.76
6;0.0001;0.0001;-4.0;Test.Set;72.14
6;0.0001;0.0001;-2.0;Train.Set;82.91
6;0.0001;0.0001;-2.0;Test.Set;71.65
6;0.0001;0.0001;0.0;Train.Set;82.64
6;0.0001;0.0001;0.0;Test.Set;70.65
6;0.0001;0.00001;-8.0;Train.Set;79.89
6;0.0001;0.00001;-8.0;Test.Set;71.36
6;0.0001;0.00001;-4.0;Train.Set;81.23
6;0.0001;0.00001;-4.0;Test.Set;71.94
6;0.0001;0.00001;-2.0;Train.Set;81.43
6;0.0001;0.00001;-2.0;Test.Set;71.63
6;0.0001;0.00001;0.0;Train.Set;81.07
6;0.0001;0.00001;0.0;Test.Set;70.70
6;0.0001;0.000001;-8.0;Train.Set;79.98
6;0.0001;0.000001;-8.0;Test.Set;71.36
6;0.0001;0.000001;-4.0;Train.Set;81.35
6;0.0001;0.000001;-4.0;Test.Set;71.94
6;0.0001;0.000001;-2.0;Train.Set;81.55
6;0.0001;0.000001;-2.0;Test.Set;71.61
6;0.0001;0.000001;0.0;Train.Set;81.22
6;0.0001;0.000001;0.0;Test.Set;70.65
6;0.00001;0.1;-8.0;Train.Set;69.90
6;0.00001;0.1;-8.0;Test.Set;66.81
6;0.00001;0.1;-4.0;Train.Set;71.53
6;0.00001;0.1;-4.0;Test.Set;68.03
6;0.00001;0.1;-2.0;Train.Set;71.75
6;0.00001;0.1;-2.0;Test.Set;68.15
6;0.00001;0.1;0.0;Train.Set;71.01
6;0.00001;0.1;0.0;Test.Set;67.34
6;0.00001;0.01;-8.0;Train.Set;77.50
6;0.00001;0.01;-8.0;Test.Set;70.78
6;0.00001;0.01;-4.0;Train.Set;78.88
6;0.00001;0.01;-4.0;Test.Set;71.49
6;0.00001;0.01;-2.0;Train.Set;78.92
6;0.00001;0.01;-2.0;Test.Set;71.25
6;0.00001;0.01;0.0;Train.Set;78.55
6;0.00001;0.01;0.0;Test.Set;70.40
6;0.00001;0.001;-8.0;Train.Set;79.24
6;0.00001;0.001;-8.0;Test.Set;71.15
6;0.00001;0.001;-4.0;Train.Set;80.58
6;0.00001;0.001;-4.0;Test.Set;71.78
6;0.00001;0.001;-2.0;Train.Set;80.79
6;0.00001;0.001;-2.0;Test.Set;71.50
6;0.00001;0.001;0.0;Train.Set;80.37
6;0.00001;0.001;0.0;Test.Set;70.65
6;0.00001;0.0001;-8.0;Train.Set;79.84
6;0.00001;0.0001;-8.0;Test.Set;71.36
6;0.00001;0.0001;-4.0;Train.Set;81.17
6;0.00001;0.0001;-4.0;Test.Set;71.94
6;0.00001;0.0001;-2.0;Train.Set;81.46
6;0.00001;0.0001;-2.0;Test.Set;71.67
6;0.00001;0.0001;0.0;Train.Set;81.14
6;0.00001;0.0001;0.0;Test.Set;70.70
6;0.00001;0.00001;-8.0;Train.Set;79.47
6;0.00001;0.00001;-8.0;Test.Set;71.19
6;0.00001;0.00001;-4.0;Train.Set;80.78
6;0.00001;0.00001;-4.0;Test.Set;71.87
6;0.00001;0.00001;-2.0;Train.Set;80.95
6;0.00001;0.00001;-2.0;Test.Set;71.59
6;0.00001;0.00001;0.0;Train.Set;80.58
6;0.00001;0.00001;0.0;Test.Set;70.68
6;0.00001;0.000001;-8.0;Train.Set;79.44
6;0.00001;0.000001;-8.0;Test.Set;71.22
6;0.00001;0.000001;-4.0;Train.Set;80.73
6;0.00001;0.000001;-4.0;Test.Set;71.88
6;0.00001;0.000001;-2.0;Train.Set;80.99
6;0.00001;0.000001;-2.0;Test.Set;71.58
6;0.00001;0.000001;0.0;Train.Set;80.55
6;0.00001;0.000001;0.0;Test.Set;70.66
6;0.000001;0.1;-8.0;Train.Set;69.89
6;0.000001;0.1;-8.0;Test.Set;66.83
6;0.000001;0.1;-4.0;Train.Set;71.53
6;0.000001;0.1;-4.0;Test.Set;67.99
6;0.000001;0.1;-2.0;Train.Set;71.75
6;0.000001;0.1;-2.0;Test.Set;68.15
6;0.000001;0.1;0.0;Train.Set;71.10
6;0.000001;0.1;0.0;Test.Set;67.29
6;0.000001;0.01;-8.0;Train.Set;77.75
6;0.000001;0.01;-8.0;Test.Set;70.71
6;0.000001;0.01;-4.0;Train.Set;79.11
6;0.000001;0.01;-4.0;Test.Set;71.32
6;0.000001;0.01;-2.0;Train.Set;79.12
6;0.000001;0.01;-2.0;Test.Set;71.03
6;0.000001;0.01;0.0;Train.Set;78.63
6;0.000001;0.01;0.0;Test.Set;70.02
6;0.000001;0.001;-8.0;Train.Set;78.88
6;0.000001;0.001;-8.0;Test.Set;71.10
6;0.000001;0.001;-4.0;Train.Set;80.20
6;0.000001;0.001;-4.0;Test.Set;71.78
6;0.000001;0.001;-2.0;Train.Set;80.34
6;0.000001;0.001;-2.0;Test.Set;71.49
6;0.000001;0.001;0.0;Train.Set;80.00
6;0.000001;0.001;0.0;Test.Set;70.54
6;0.000001;0.0001;-8.0;Train.Set;79.48
6;0.000001;0.0001;-8.0;Test.Set;71.18
6;0.000001;0.0001;-4.0;Train.Set;80.83
6;0.000001;0.0001;-4.0;Test.Set;71.83
6;0.000001;0.0001;-2.0;Train.Set;81.03
6;0.000001;0.0001;-2.0;Test.Set;71.56
6;0.000001;0.0001;0.0;Train.Set;80.70
6;0.000001;0.0001;0.0;Test.Set;70.61
6;0.000001;0.00001;-8.0;Train.Set;79.52
6;0.000001;0.00001;-8.0;Test.Set;71.15
6;0.000001;0.00001;-4.0;Train.Set;80.84
6;0.000001;0.00001;-4.0;Test.Set;71.81
6;0.000001;0.00001;-2.0;Train.Set;81.04
6;0.000001;0.00001;-2.0;Test.Set;71.56
6;0.000001;0.00001;0.0;Train.Set;80.72
6;0.000001;0.00001;0.0;Test.Set;70.62
6;0.000001;0.000001;-8.0;Train.Set;80.67
6;0.000001;0.000001;-8.0;Test.Set;71.57
6;0.000001;0.000001;-4.0;Train.Set;81.97
6;0.000001;0.000001;-4.0;Test.Set;72.13
6;0.000001;0.000001;-2.0;Train.Set;82.23
6;0.000001;0.000001;-2.0;Test.Set;71.80
6;0.000001;0.000001;0.0;Train.Set;82.04
6;0.000001;0.000001;0.0;Test.Set;70.77
7;0.1;0.1;-8.0;Train.Set;70.61
7;0.1;0.1;-8.0;Test.Set;67.33
7;0.1;0.1;-4.0;Train.Set;72.04
7;0.1;0.1;-4.0;Test.Set;68.57
7;0.1;0.1;-2.0;Train.Set;72.33
7;0.1;0.1;-2.0;Test.Set;68.50
7;0.1;0.1;0.0;Train.Set;71.71
7;0.1;0.1;0.0;Test.Set;67.65
7;0.1;0.01;-8.0;Train.Set;77.22
7;0.1;0.01;-8.0;Test.Set;70.88
7;0.1;0.01;-4.0;Train.Set;78.43
7;0.1;0.01;-4.0;Test.Set;71.47
7;0.1;0.01;-2.0;Train.Set;78.53
7;0.1;0.01;-2.0;Test.Set;71.17
7;0.1;0.01;0.0;Train.Set;78.02
7;0.1;0.01;0.0;Test.Set;70.18
7;0.1;0.001;-8.0;Train.Set;77.69
7;0.1;0.001;-8.0;Test.Set;70.96
7;0.1;0.001;-4.0;Train.Set;78.85
7;0.1;0.001;-4.0;Test.Set;71.63
7;0.1;0.001;-2.0;Train.Set;78.91
7;0.1;0.001;-2.0;Test.Set;71.22
7;0.1;0.001;0.0;Train.Set;78.46
7;0.1;0.001;0.0;Test.Set;70.10
7;0.1;0.0001;-8.0;Train.Set;78.10
7;0.1;0.0001;-8.0;Test.Set;71.30
7;0.1;0.0001;-4.0;Train.Set;79.30
7;0.1;0.0001;-4.0;Test.Set;71.89
7;0.1;0.0001;-2.0;Train.Set;79.49
7;0.1;0.0001;-2.0;Test.Set;71.52
7;0.1;0.0001;0.0;Train.Set;79.14
7;0.1;0.0001;0.0;Test.Set;70.52
7;0.1;0.00001;-8.0;Train.Set;78.07
7;0.1;0.00001;-8.0;Test.Set;71.26
7;0.1;0.00001;-4.0;Train.Set;79.29
7;0.1;0.00001;-4.0;Test.Set;71.84
7;0.1;0.00001;-2.0;Train.Set;79.42
7;0.1;0.00001;-2.0;Test.Set;71.47
7;0.1;0.00001;0.0;Train.Set;79.05
7;0.1;0.00001;0.0;Test.Set;70.54
7;0.1;0.000001;-8.0;Train.Set;78.11
7;0.1;0.000001;-8.0;Test.Set;71.33
7;0.1;0.000001;-4.0;Train.Set;79.28
7;0.1;0.000001;-4.0;Test.Set;71.90
7;0.1;0.000001;-2.0;Train.Set;79.43
7;0.1;0.000001;-2.0;Test.Set;71.60
7;0.1;0.000001;0.0;Train.Set;79.03
7;0.1;0.000001;0.0;Test.Set;70.59
7;0.01;0.1;-8.0;Train.Set;70.62
7;0.01;0.1;-8.0;Test.Set;67.59
7;0.01;0.1;-4.0;Train.Set;72.17
7;0.01;0.1;-4.0;Test.Set;68.79
7;0.01;0.1;-2.0;Train.Set;72.43
7;0.01;0.1;-2.0;Test.Set;68.85
7;0.01;0.1;0.0;Train.Set;71.68
7;0.01;0.1;0.0;Test.Set;68.06
7;0.01;0.01;-8.0;Train.Set;77.76
7;0.01;0.01;-8.0;Test.Set;70.91
7;0.01;0.01;-4.0;Train.Set;79.20
7;0.01;0.01;-4.0;Test.Set;71.56
7;0.01;0.01;-2.0;Train.Set;79.29
7;0.01;0.01;-2.0;Test.Set;71.36
7;0.01;0.01;0.0;Train.Set;78.86
7;0.01;0.01;0.0;Test.Set;70.55
7;0.01;0.001;-8.0;Train.Set;79.84
7;0.01;0.001;-8.0;Test.Set;71.40
7;0.01;0.001;-4.0;Train.Set;81.09
7;0.01;0.001;-4.0;Test.Set;71.86
7;0.01;0.001;-2.0;Train.Set;81.29
7;0.01;0.001;-2.0;Test.Set;71.64
7;0.01;0.001;0.0;Train.Set;80.94
7;0.01;0.001;0.0;Test.Set;70.68
7;0.01;0.0001;-8.0;Train.Set;81.29
7;0.01;0.0001;-8.0;Test.Set;71.56
7;0.01;0.0001;-4.0;Train.Set;82.51
7;0.01;0.0001;-4.0;Test.Set;71.94
7;0.01;0.0001;-2.0;Train.Set;82.62
7;0.01;0.0001;-2.0;Test.Set;71.49
7;0.01;0.0001;0.0;Train.Set;82.28
7;0.01;0.0001;0.0;Test.Set;70.38
7;0.01;0.00001;-8.0;Train.Set;81.30
7;0.01;0.00001;-8.0;Test.Set;71.59
7;0.01;0.00001;-4.0;Train.Set;82.53
7;0.01;0.00001;-4.0;Test.Set;71.94
7;0.01;0.00001;-2.0;Train.Set;82.65
7;0.01;0.00001;-2.0;Test.Set;71.51
7;0.01;0.00001;0.0;Train.Set;82.30
7;0.01;0.00001;0.0;Test.Set;70.38
7;0.01;0.000001;-8.0;Train.Set;81.30
7;0.01;0.000001;-8.0;Test.Set;71.59
7;0.01;0.000001;-4.0;Train.Set;82.52
7;0.01;0.000001;-4.0;Test.Set;71.94
7;0.01;0.000001;-2.0;Train.Set;82.64
7;0.01;0.000001;-2.0;Test.Set;71.51
7;0.01;0.000001;0.0;Train.Set;82.30
7;0.01;0.000001;0.0;Test.Set;70.38
7;0.001;0.1;-8.0;Train.Set;70.35
7;0.001;0.1;-8.0;Test.Set;67.16
7;0.001;0.1;-4.0;Train.Set;71.92
7;0.001;0.1;-4.0;Test.Set;68.30
7;0.001;0.1;-2.0;Train.Set;72.08
7;0.001;0.1;-2.0;Test.Set;68.35
7;0.001;0.1;0.0;Train.Set;71.47
7;0.001;0.1;0.0;Test.Set;67.46
7;0.001;0.01;-8.0;Train.Set;79.04
7;0.001;0.01;-8.0;Test.Set;71.13
7;0.001;0.01;-4.0;Train.Set;80.23
7;0.001;0.01;-4.0;Test.Set;71.72
7;0.001;0.01;-2.0;Train.Set;80.42
7;0.001;0.01;-2.0;Test.Set;71.50
7;0.001;0.01;0.0;Train.Set;79.94
7;0.001;0.01;0.0;Test.Set;70.52
7;0.001;0.001;-8.0;Train.Set;79.36
7;0.001;0.001;-8.0;Test.Set;71.07
7;0.001;0.001;-4.0;Train.Set;80.91
7;0.001;0.001;-4.0;Test.Set;71.78
7;0.001;0.001;-2.0;Train.Set;81.18
7;0.001;0.001;-2.0;Test.Set;71.39
7;0.001;0.001;0.0;Train.Set;80.77
7;0.001;0.001;0.0;Test.Set;70.43
7;0.001;0.0001;-8.0;Train.Set;79.55
7;0.001;0.0001;-8.0;Test.Set;71.04
7;0.001;0.0001;-4.0;Train.Set;81.10
7;0.001;0.0001;-4.0;Test.Set;71.69
7;0.001;0.0001;-2.0;Train.Set;81.35
7;0.001;0.0001;-2.0;Test.Set;71.38
7;0.001;0.0001;0.0;Train.Set;80.98
7;0.001;0.0001;0.0;Test.Set;70.35
7;0.001;0.00001;-8.0;Train.Set;79.54
7;0.001;0.00001;-8.0;Test.Set;71.12
7;0.001;0.00001;-4.0;Train.Set;81.09
7;0.001;0.00001;-4.0;Test.Set;71.74
7;0.001;0.00001;-2.0;Train.Set;81.31
7;0.001;0.00001;-2.0;Test.Set;71.39
7;0.001;0.00001;0.0;Train.Set;80.94
7;0.001;0.00001;0.0;Test.Set;70.40
7;0.001;0.000001;-8.0;Train.Set;79.55
7;0.001;0.000001;-8.0;Test.Set;71.10
7;0.001;0.000001;-4.0;Train.Set;81.10
7;0.001;0.000001;-4.0;Test.Set;71.75
7;0.001;0.000001;-2.0;Train.Set;81.34
7;0.001;0.000001;-2.0;Test.Set;71.40
7;0.001;0.000001;0.0;Train.Set;80.94
7;0.001;0.000001;0.0;Test.Set;70.41
7;0.0001;0.1;-8.0;Train.Set;70.32
7;0.0001;0.1;-8.0;Test.Set;67.13
7;0.0001;0.1;-4.0;Train.Set;71.92
7;0.0001;0.1;-4.0;Test.Set;68.35
7;0.0001;0.1;-2.0;Train.Set;72.02
7;0.0001;0.1;-2.0;Test.Set;68.35
7;0.0001;0.1;0.0;Train.Set;71.37
7;0.0001;0.1;0.0;Test.Set;67.47
7;0.0001;0.01;-8.0;Train.Set;78.62
7;0.0001;0.01;-8.0;Test.Set;70.87
7;0.0001;0.01;-4.0;Train.Set;79.97
7;0.0001;0.01;-4.0;Test.Set;71.56
7;0.0001;0.01;-2.0;Train.Set;80.18
7;0.0001;0.01;-2.0;Test.Set;71.29
7;0.0001;0.01;0.0;Train.Set;79.66
7;0.0001;0.01;0.0;Test.Set;70.39
7;0.0001;0.001;-8.0;Train.Set;80.33
7;0.0001;0.001;-8.0;Test.Set;71.36
7;0.0001;0.001;-4.0;Train.Set;81.63
7;0.0001;0.001;-4.0;Test.Set;71.79
7;0.0001;0.001;-2.0;Train.Set;81.67
7;0.0001;0.001;-2.0;Test.Set;71.33
7;0.0001;0.001;0.0;Train.Set;81.24
7;0.0001;0.001;0.0;Test.Set;70.20
7;0.0001;0.0001;-8.0;Train.Set;80.49
7;0.0001;0.0001;-8.0;Test.Set;71.43
7;0.0001;0.0001;-4.0;Train.Set;81.75
7;0.0001;0.0001;-4.0;Test.Set;71.73
7;0.0001;0.0001;-2.0;Train.Set;81.83
7;0.0001;0.0001;-2.0;Test.Set;71.28
7;0.0001;0.0001;0.0;Train.Set;81.42
7;0.0001;0.0001;0.0;Test.Set;70.10
7;0.0001;0.00001;-8.0;Train.Set;81.13
7;0.0001;0.00001;-8.0;Test.Set;71.51
7;0.0001;0.00001;-4.0;Train.Set;82.40
7;0.0001;0.00001;-4.0;Test.Set;71.87
7;0.0001;0.00001;-2.0;Train.Set;82.54
7;0.0001;0.00001;-2.0;Test.Set;71.36
7;0.0001;0.00001;0.0;Train.Set;82.15
7;0.0001;0.00001;0.0;Test.Set;70.19
7;0.0001;0.000001;-8.0;Train.Set;81.17
7;0.0001;0.000001;-8.0;Test.Set;71.51
7;0.0001;0.000001;-4.0;Train.Set;82.37
7;0.0001;0.000001;-4.0;Test.Set;71.86
7;0.0001;0.000001;-2.0;Train.Set;82.52
7;0.0001;0.000001;-2.0;Test.Set;71.35
7;0.0001;0.000001;0.0;Train.Set;82.14
7;0.0001;0.000001;0.0;Test.Set;70.19
7;0.00001;0.1;-8.0;Train.Set;70.36
7;0.00001;0.1;-8.0;Test.Set;67.16
7;0.00001;0.1;-4.0;Train.Set;71.93
7;0.00001;0.1;-4.0;Test.Set;68.33
7;0.00001;0.1;-2.0;Train.Set;72.03
7;0.00001;0.1;-2.0;Test.Set;68.39
7;0.00001;0.1;0.0;Train.Set;71.41
7;0.00001;0.1;0.0;Test.Set;67.51
7;0.00001;0.01;-8.0;Train.Set;79.44
7;0.00001;0.01;-8.0;Test.Set;71.32
7;0.00001;0.01;-4.0;Train.Set;80.82
7;0.00001;0.01;-4.0;Test.Set;71.95
7;0.00001;0.01;-2.0;Train.Set;80.96
7;0.00001;0.01;-2.0;Test.Set;71.73
7;0.00001;0.01;0.0;Train.Set;80.59
7;0.00001;0.01;0.0;Test.Set;70.72
7;0.00001;0.001;-8.0;Train.Set;80.22
7;0.00001;0.001;-8.0;Test.Set;71.35
7;0.00001;0.001;-4.0;Train.Set;81.44
7;0.00001;0.001;-4.0;Test.Set;71.70
7;0.00001;0.001;-2.0;Train.Set;81.59
7;0.00001;0.001;-2.0;Test.Set;71.26
7;0.00001;0.001;0.0;Train.Set;80.99
7;0.00001;0.001;0.0;Test.Set;70.16
7;0.00001;0.0001;-8.0;Train.Set;79.57
7;0.00001;0.0001;-8.0;Test.Set;71.07
7;0.00001;0.0001;-4.0;Train.Set;81.05
7;0.00001;0.0001;-4.0;Test.Set;71.66
7;0.00001;0.0001;-2.0;Train.Set;81.22
7;0.00001;0.0001;-2.0;Test.Set;71.28
7;0.00001;0.0001;0.0;Train.Set;80.81
7;0.00001;0.0001;0.0;Test.Set;70.32
7;0.00001;0.00001;-8.0;Train.Set;79.57
7;0.00001;0.00001;-8.0;Test.Set;71.12
7;0.00001;0.00001;-4.0;Train.Set;81.05
7;0.00001;0.00001;-4.0;Test.Set;71.64
7;0.00001;0.00001;-2.0;Train.Set;81.23
7;0.00001;0.00001;-2.0;Test.Set;71.26
7;0.00001;0.00001;0.0;Train.Set;80.78
7;0.00001;0.00001;0.0;Test.Set;70.34
7;0.00001;0.000001;-8.0;Train.Set;79.53
7;0.00001;0.000001;-8.0;Test.Set;71.08
7;0.00001;0.000001;-4.0;Train.Set;81.02
7;0.00001;0.000001;-4.0;Test.Set;71.63
7;0.00001;0.000001;-2.0;Train.Set;81.19
7;0.00001;0.000001;-2.0;Test.Set;71.29
7;0.00001;0.000001;0.0;Train.Set;80.74
7;0.00001;0.000001;0.0;Test.Set;70.35
7;0.000001;0.1;-8.0;Train.Set;70.32
7;0.000001;0.1;-8.0;Test.Set;67.10
7;0.000001;0.1;-4.0;Train.Set;71.91
7;0.000001;0.1;-4.0;Test.Set;68.32
7;0.000001;0.1;-2.0;Train.Set;72.05
7;0.000001;0.1;-2.0;Test.Set;68.36
7;0.000001;0.1;0.0;Train.Set;71.41
7;0.000001;0.1;0.0;Test.Set;67.46
7;0.000001;0.01;-8.0;Train.Set;78.53
7;0.000001;0.01;-8.0;Test.Set;70.86
7;0.000001;0.01;-4.0;Train.Set;79.98
7;0.000001;0.01;-4.0;Test.Set;71.50
7;0.000001;0.01;-2.0;Train.Set;80.16
7;0.000001;0.01;-2.0;Test.Set;71.30
7;0.000001;0.01;0.0;Train.Set;79.67
7;0.000001;0.01;0.0;Test.Set;70.31
7;0.000001;0.001;-8.0;Train.Set;80.32
7;0.000001;0.001;-8.0;Test.Set;71.33
7;0.000001;0.001;-4.0;Train.Set;81.59
7;0.000001;0.001;-4.0;Test.Set;71.68
7;0.000001;0.001;-2.0;Train.Set;81.68
7;0.000001;0.001;-2.0;Test.Set;71.20
7;0.000001;0.001;0.0;Train.Set;81.21
7;0.000001;0.001;0.0;Test.Set;70.16
7;0.000001;0.0001;-8.0;Train.Set;80.82
7;0.000001;0.0001;-8.0;Test.Set;71.47
7;0.000001;0.0001;-4.0;Train.Set;82.12
7;0.000001;0.0001;-4.0;Test.Set;71.89
7;0.000001;0.0001;-2.0;Train.Set;82.24
7;0.000001;0.0001;-2.0;Test.Set;71.46
7;0.000001;0.0001;0.0;Train.Set;81.82
7;0.000001;0.0001;0.0;Test.Set;70.47
7;0.000001;0.00001;-8.0;Train.Set;80.83
7;0.000001;0.00001;-8.0;Test.Set;71.47
7;0.000001;0.00001;-4.0;Train.Set;82.12
7;0.000001;0.00001;-4.0;Test.Set;71.90
7;0.000001;0.00001;-2.0;Train.Set;82.24
7;0.000001;0.00001;-2.0;Test.Set;71.48
7;0.000001;0.00001;0.0;Train.Set;81.85
7;0.000001;0.00001;0.0;Test.Set;70.49
7;0.000001;0.000001;-8.0;Train.Set;80.84
7;0.000001;0.000001;-8.0;Test.Set;71.47
7;0.000001;0.000001;-4.0;Train.Set;82.12
7;0.000001;0.000001;-4.0;Test.Set;71.92
7;0.000001;0.000001;-2.0;Train.Set;82.25
7;0.000001;0.000001;-2.0;Test.Set;71.47
7;0.000001;0.000001;0.0;Train.Set;81.85
7;0.000001;0.000001;0.0;Test.Set;70.49
8;0.1;0.1;-8.0;Train.Set;70.79
8;0.1;0.1;-8.0;Test.Set;67.60
8;0.1;0.1;-4.0;Train.Set;72.22
8;0.1;0.1;-4.0;Test.Set;68.68
8;0.1;0.1;-2.0;Train.Set;72.43
8;0.1;0.1;-2.0;Test.Set;68.60
8;0.1;0.1;0.0;Train.Set;71.86
8;0.1;0.1;0.0;Test.Set;67.80
8;0.1;0.01;-8.0;Train.Set;77.88
8;0.1;0.01;-8.0;Test.Set;71.13
8;0.1;0.01;-4.0;Train.Set;79.20
8;0.1;0.01;-4.0;Test.Set;71.75
8;0.1;0.01;-2.0;Train.Set;79.42
8;0.1;0.01;-2.0;Test.Set;71.43
8;0.1;0.01;0.0;Train.Set;79.02
8;0.1;0.01;0.0;Test.Set;70.46
8;0.1;0.001;-8.0;Train.Set;77.86
8;0.1;0.001;-8.0;Test.Set;70.96
8;0.1;0.001;-4.0;Train.Set;79.03
8;0.1;0.001;-4.0;Test.Set;71.62
8;0.1;0.001;-2.0;Train.Set;79.14
8;0.1;0.001;-2.0;Test.Set;71.29
8;0.1;0.001;0.0;Train.Set;78.75
8;0.1;0.001;0.0;Test.Set;70.33
8;0.1;0.0001;-8.0;Train.Set;78.36
8;0.1;0.0001;-8.0;Test.Set;71.16
8;0.1;0.0001;-4.0;Train.Set;79.61
8;0.1;0.0001;-4.0;Test.Set;71.79
8;0.1;0.0001;-2.0;Train.Set;79.70
8;0.1;0.0001;-2.0;Test.Set;71.49
8;0.1;0.0001;0.0;Train.Set;79.36
8;0.1;0.0001;0.0;Test.Set;70.48
8;0.1;0.00001;-8.0;Train.Set;78.32
8;0.1;0.00001;-8.0;Test.Set;71.15
8;0.1;0.00001;-4.0;Train.Set;79.59
8;0.1;0.00001;-4.0;Test.Set;71.78
8;0.1;0.00001;-2.0;Train.Set;79.64
8;0.1;0.00001;-2.0;Test.Set;71.52
8;0.1;0.00001;0.0;Train.Set;79.38
8;0.1;0.00001;0.0;Test.Set;70.45
8;0.1;0.000001;-8.0;Train.Set;78.32
8;0.1;0.000001;-8.0;Test.Set;71.21
8;0.1;0.000001;-4.0;Train.Set;79.58
8;0.1;0.000001;-4.0;Test.Set;71.82
8;0.1;0.000001;-2.0;Train.Set;79.74
8;0.1;0.000001;-2.0;Test.Set;71.50
8;0.1;0.000001;0.0;Train.Set;79.44
8;0.1;0.000001;0.0;Test.Set;70.53
8;0.01;0.1;-8.0;Train.Set;70.84
8;0.01;0.1;-8.0;Test.Set;67.59
8;0.01;0.1;-4.0;Train.Set;72.37
8;0.01;0.1;-4.0;Test.Set;68.75
8;0.01;0.1;-2.0;Train.Set;72.63
8;0.01;0.1;-2.0;Test.Set;68.75
8;0.01;0.1;0.0;Train.Set;72.03
8;0.01;0.1;0.0;Test.Set;67.98
8;0.01;0.01;-8.0;Train.Set;79.86
8;0.01;0.01;-8.0;Test.Set;71.49
8;0.01;0.01;-4.0;Train.Set;81.15
8;0.01;0.01;-4.0;Test.Set;72.05
8;0.01;0.01;-2.0;Train.Set;81.27
8;0.01;0.01;-2.0;Test.Set;71.75
8;0.01;0.01;0.0;Train.Set;80.89
8;0.01;0.01;0.0;Test.Set;70.87
8;0.01;0.001;-8.0;Train.Set;80.40
8;0.01;0.001;-8.0;Test.Set;71.54
8;0.01;0.001;-4.0;Train.Set;81.58
8;0.01;0.001;-4.0;Test.Set;71.95
8;0.01;0.001;-2.0;Train.Set;81.71
8;0.01;0.001;-2.0;Test.Set;71.56
8;0.01;0.001;0.0;Train.Set;81.42
8;0.01;0.001;0.0;Test.Set;70.56
8;0.01;0.0001;-8.0;Train.Set;80.55
8;0.01;0.0001;-8.0;Test.Set;71.57
8;0.01;0.0001;-4.0;Train.Set;81.76
8;0.01;0.0001;-4.0;Test.Set;71.96
8;0.01;0.0001;-2.0;Train.Set;81.89
8;0.01;0.0001;-2.0;Test.Set;71.54
8;0.01;0.0001;0.0;Train.Set;81.56
8;0.01;0.0001;0.0;Test.Set;70.51
8;0.01;0.00001;-8.0;Train.Set;80.56
8;0.01;0.00001;-8.0;Test.Set;71.56
8;0.01;0.00001;-4.0;Train.Set;81.78
8;0.01;0.00001;-4.0;Test.Set;71.94
8;0.01;0.00001;-2.0;Train.Set;81.92
8;0.01;0.00001;-2.0;Test.Set;71.54
8;0.01;0.00001;0.0;Train.Set;81.58
8;0.01;0.00001;0.0;Test.Set;70.49
8;0.01;0.000001;-8.0;Train.Set;80.56
8;0.01;0.000001;-8.0;Test.Set;71.56
8;0.01;0.000001;-4.0;Train.Set;81.78
8;0.01;0.000001;-4.0;Test.Set;71.95
8;0.01;0.000001;-2.0;Train.Set;81.92
8;0.01;0.000001;-2.0;Test.Set;71.54
8;0.01;0.000001;0.0;Train.Set;81.57
8;0.01;0.000001;0.0;Test.Set;70.50
8;0.001;0.1;-8.0;Train.Set;70.94
8;0.001;0.1;-8.0;Test.Set;67.84
8;0.001;0.1;-4.0;Train.Set;72.50
8;0.001;0.1;-4.0;Test.Set;68.93
8;0.001;0.1;-2.0;Train.Set;72.73
8;0.001;0.1;-2.0;Test.Set;68.98
8;0.001;0.1;0.0;Train.Set;72.23
8;0.001;0.1;0.0;Test.Set;68.13
8;0.001;0.01;-8.0;Train.Set;79.48
8;0.001;0.01;-8.0;Test.Set;71.34
8;0.001;0.01;-4.0;Train.Set;80.89
8;0.001;0.01;-4.0;Test.Set;71.95
8;0.001;0.01;-2.0;Train.Set;81.08
8;0.001;0.01;-2.0;Test.Set;71.61
8;0.001;0.01;0.0;Train.Set;80.70
8;0.001;0.01;0.0;Test.Set;70.66
8;0.001;0.001;-8.0;Train.Set;81.26
8;0.001;0.001;-8.0;Test.Set;71.69
8;0.001;0.001;-4.0;Train.Set;82.57
8;0.001;0.001;-4.0;Test.Set;72.09
8;0.001;0.001;-2.0;Train.Set;82.69
8;0.001;0.001;-2.0;Test.Set;71.61
8;0.001;0.001;0.0;Train.Set;82.24
8;0.001;0.001;0.0;Test.Set;70.67
8;0.001;0.0001;-8.0;Train.Set;81.48
8;0.001;0.0001;-8.0;Test.Set;71.73
8;0.001;0.0001;-4.0;Train.Set;82.77
8;0.001;0.0001;-4.0;Test.Set;72.11
8;0.001;0.0001;-2.0;Train.Set;82.93
8;0.001;0.0001;-2.0;Test.Set;71.62
8;0.001;0.0001;0.0;Train.Set;82.50
8;0.001;0.0001;0.0;Test.Set;70.65
8;0.001;0.00001;-8.0;Train.Set;81.45
8;0.001;0.00001;-8.0;Test.Set;71.74
8;0.001;0.00001;-4.0;Train.Set;82.80
8;0.001;0.00001;-4.0;Test.Set;72.07
8;0.001;0.00001;-2.0;Train.Set;82.93
8;0.001;0.00001;-2.0;Test.Set;71.57
8;0.001;0.00001;0.0;Train.Set;82.53
8;0.001;0.00001;0.0;Test.Set;70.65
8;0.001;0.000001;-8.0;Train.Set;81.47
8;0.001;0.000001;-8.0;Test.Set;71.72
8;0.001;0.000001;-4.0;Train.Set;82.81
8;0.001;0.000001;-4.0;Test.Set;72.07
8;0.001;0.000001;-2.0;Train.Set;82.94
8;0.001;0.000001;-2.0;Test.Set;71.56
8;0.001;0.000001;0.0;Train.Set;82.52
8;0.001;0.000001;0.0;Test.Set;70.64
8;0.0001;0.1;-8.0;Train.Set;71.12
8;0.0001;0.1;-8.0;Test.Set;67.88
8;0.0001;0.1;-4.0;Train.Set;72.73
8;0.0001;0.1;-4.0;Test.Set;69.01
8;0.0001;0.1;-2.0;Train.Set;72.90
8;0.0001;0.1;-2.0;Test.Set;68.95
8;0.0001;0.1;0.0;Train.Set;72.24
8;0.0001;0.1;0.0;Test.Set;68.09
8;0.0001;0.01;-8.0;Train.Set;79.48
8;0.0001;0.01;-8.0;Test.Set;71.54
8;0.0001;0.01;-4.0;Train.Set;80.79
8;0.0001;0.01;-4.0;Test.Set;72.09
8;0.0001;0.01;-2.0;Train.Set;81.00
8;0.0001;0.01;-2.0;Test.Set;71.64
8;0.0001;0.01;0.0;Train.Set;80.49
8;0.0001;0.01;0.0;Test.Set;70.78
8;0.0001;0.001;-8.0;Train.Set;81.87
8;0.0001;0.001;-8.0;Test.Set;71.81
8;0.0001;0.001;-4.0;Train.Set;83.16
8;0.0001;0.001;-4.0;Test.Set;71.96
8;0.0001;0.001;-2.0;Train.Set;83.36
8;0.0001;0.001;-2.0;Test.Set;71.56
8;0.0001;0.001;0.0;Train.Set;83.01
8;0.0001;0.001;0.0;Test.Set;70.54
8;0.0001;0.0001;-8.0;Train.Set;81.56
8;0.0001;0.0001;-8.0;Test.Set;71.59
8;0.0001;0.0001;-4.0;Train.Set;82.77
8;0.0001;0.0001;-4.0;Test.Set;71.85
8;0.0001;0.0001;-2.0;Train.Set;82.93
8;0.0001;0.0001;-2.0;Test.Set;71.38
8;0.0001;0.0001;0.0;Train.Set;82.52
8;0.0001;0.0001;0.0;Test.Set;70.26
8;0.0001;0.00001;-8.0;Train.Set;81.59
8;0.0001;0.00001;-8.0;Test.Set;71.59
8;0.0001;0.00001;-4.0;Train.Set;82.80
8;0.0001;0.00001;-4.0;Test.Set;71.87
8;0.0001;0.00001;-2.0;Train.Set;82.95
8;0.0001;0.00001;-2.0;Test.Set;71.40
8;0.0001;0.00001;0.0;Train.Set;82.54
8;0.0001;0.00001;0.0;Test.Set;70.26
8;0.0001;0.000001;-8.0;Train.Set;81.59
8;0.0001;0.000001;-8.0;Test.Set;71.60
8;0.0001;0.000001;-4.0;Train.Set;82.80
8;0.0001;0.000001;-4.0;Test.Set;71.87
8;0.0001;0.000001;-2.0;Train.Set;82.95
8;0.0001;0.000001;-2.0;Test.Set;71.41
8;0.0001;0.000001;0.0;Train.Set;82.55
8;0.0001;0.000001;0.0;Test.Set;70.26
8;0.00001;0.1;-8.0;Train.Set;70.76
8;0.00001;0.1;-8.0;Test.Set;67.65
8;0.00001;0.1;-4.0;Train.Set;72.23
8;0.00001;0.1;-4.0;Test.Set;68.79
8;0.00001;0.1;-2.0;Train.Set;72.43
8;0.00001;0.1;-2.0;Test.Set;68.88
8;0.00001;0.1;0.0;Train.Set;71.96
8;0.00001;0.1;0.0;Test.Set;68.01
8;0.00001;0.01;-8.0;Train.Set;79.54
8;0.00001;0.01;-8.0;Test.Set;71.49
8;0.00001;0.01;-4.0;Train.Set;80.93
8;0.00001;0.01;-4.0;Test.Set;72.12
8;0.00001;0.01;-2.0;Train.Set;81.17
8;0.00001;0.01;-2.0;Test.Set;71.79
8;0.00001;0.01;0.0;Train.Set;80.76
8;0.00001;0.01;0.0;Test.Set;70.79
8;0.00001;0.001;-8.0;Train.Set;80.19
8;0.00001;0.001;-8.0;Test.Set;71.33
8;0.00001;0.001;-4.0;Train.Set;81.40
8;0.00001;0.001;-4.0;Test.Set;71.79
8;0.00001;0.001;-2.0;Train.Set;81.54
8;0.00001;0.001;-2.0;Test.Set;71.25
8;0.00001;0.001;0.0;Train.Set;81.09
8;0.00001;0.001;0.0;Test.Set;70.15
8;0.00001;0.0001;-8.0;Train.Set;80.34
8;0.00001;0.0001;-8.0;Test.Set;71.32
8;0.00001;0.0001;-4.0;Train.Set;81.54
8;0.00001;0.0001;-4.0;Test.Set;71.76
8;0.00001;0.0001;-2.0;Train.Set;81.67
8;0.00001;0.0001;-2.0;Test.Set;71.22
8;0.00001;0.0001;0.0;Train.Set;81.22
8;0.00001;0.0001;0.0;Test.Set;70.14
8;0.00001;0.00001;-8.0;Train.Set;80.36
8;0.00001;0.00001;-8.0;Test.Set;71.31
8;0.00001;0.00001;-4.0;Train.Set;81.56
8;0.00001;0.00001;-4.0;Test.Set;71.76
8;0.00001;0.00001;-2.0;Train.Set;81.69
8;0.00001;0.00001;-2.0;Test.Set;71.24
8;0.00001;0.00001;0.0;Train.Set;81.24
8;0.00001;0.00001;0.0;Test.Set;70.14
8;0.00001;0.000001;-8.0;Train.Set;80.36
8;0.00001;0.000001;-8.0;Test.Set;71.30
8;0.00001;0.000001;-4.0;Train.Set;81.56
8;0.00001;0.000001;-4.0;Test.Set;71.76
8;0.00001;0.000001;-2.0;Train.Set;81.69
8;0.00001;0.000001;-2.0;Test.Set;71.24
8;0.00001;0.000001;0.0;Train.Set;81.24
8;0.00001;0.000001;0.0;Test.Set;70.14
8;0.000001;0.1;-8.0;Train.Set;70.86
8;0.000001;0.1;-8.0;Test.Set;67.65
8;0.000001;0.1;-4.0;Train.Set;72.46
8;0.000001;0.1;-4.0;Test.Set;68.75
8;0.000001;0.1;-2.0;Train.Set;72.54
8;0.000001;0.1;-2.0;Test.Set;68.80
8;0.000001;0.1;0.0;Train.Set;72.02
8;0.000001;0.1;0.0;Test.Set;68.02
8;0.000001;0.01;-8.0;Train.Set;79.47
8;0.000001;0.01;-8.0;Test.Set;71.50
8;0.000001;0.01;-4.0;Train.Set;80.93
8;0.000001;0.01;-4.0;Test.Set;72.02
8;0.000001;0.01;-2.0;Train.Set;81.18
8;0.000001;0.01;-2.0;Test.Set;71.67
8;0.000001;0.01;0.0;Train.Set;80.77
8;0.000001;0.01;0.0;Test.Set;70.77
8;0.000001;0.001;-8.0;Train.Set;81.09
8;0.000001;0.001;-8.0;Test.Set;71.63
8;0.000001;0.001;-4.0;Train.Set;82.42
8;0.000001;0.001;-4.0;Test.Set;71.87
8;0.000001;0.001;-2.0;Train.Set;82.55
8;0.000001;0.001;-2.0;Test.Set;71.48
8;0.000001;0.001;0.0;Train.Set;82.12
8;0.000001;0.001;0.0;Test.Set;70.30
8;0.000001;0.0001;-8.0;Train.Set;80.40
8;0.000001;0.0001;-8.0;Test.Set;71.42
8;0.000001;0.0001;-4.0;Train.Set;81.65
8;0.000001;0.0001;-4.0;Test.Set;71.74
8;0.000001;0.0001;-2.0;Train.Set;81.80
8;0.000001;0.0001;-2.0;Test.Set;71.31
8;0.000001;0.0001;0.0;Train.Set;81.34
8;0.000001;0.0001;0.0;Test.Set;70.14
8;0.000001;0.00001;-8.0;Train.Set;80.41
8;0.000001;0.00001;-8.0;Test.Set;71.41
8;0.000001;0.00001;-4.0;Train.Set;81.68
8;0.000001;0.00001;-4.0;Test.Set;71.73
8;0.000001;0.00001;-2.0;Train.Set;81.80
8;0.000001;0.00001;-2.0;Test.Set;71.30
8;0.000001;0.00001;0.0;Train.Set;81.36
8;0.000001;0.00001;0.0;Test.Set;70.14
8;0.000001;0.000001;-8.0;Train.Set;80.41
8;0.000001;0.000001;-8.0;Test.Set;71.41
8;0.000001;0.000001;-4.0;Train.Set;81.68
8;0.000001;0.000001;-4.0;Test.Set;71.73
8;0.000001;0.000001;-2.0;Train.Set;81.79
8;0.000001;0.000001;-2.0;Test.Set;71.30
8;0.000001;0.000001;0.0;Train.Set;81.36
8;0.000001;0.000001;0.0;Test.Set;70.14
